filename,dataset_id,sensor_id,frame_idx,col1,col2,col3
145044_fa2sd4a06W152AIR_420_1626155724_1626155908_243_obstacle.txt,145044,fa2sd4a06W152AIR,1,1,0,0
145044_fa2sd4a06W152AIR_420_1626155724_1626155908_243_obstacle.txt,145044,fa2sd4a06W152AIR,2,1,0,0
145044_fa2sd4a06W152AIR_420_1626155724_1626155908_243_obstacle.txt,145044,fa2sd4a06W152AIR,3,0,0,0
145044_fa2sd4a06W152AIR_420_1626155724_1626155908_243_obstacle.txt,145044,fa2sd4a06W152AIR,4,0,0,0
145044_fa2sd4a06W152AIR_420_1626155724_1626155908_243_obstacle.txt,145044,fa2sd4a06W152AIR,5,0,0,0
145044_fa2sd4a06W152AIR_420_1626155724_1626155908_243_obstacle.txt,145044,fa2sd4a06W152AIR,6,0,0,0
145044_fa2sd4a06W152AIR_420_1626155724_1626155908_243_obstacle.txt,145044,fa2sd4a06W152AIR,7,1,0,0
145044_fa2sd4a06W152AIR_420_1626155724_1626155908_243_obstacle.txt,145044,fa2sd4a06W152AIR,8,1,0,0
145044_fa2sd4a06W152AIR_420_1626155724_1626155908_243_obstacle.txt,145044,fa2sd4a06W152AIR,9,0,0,0
145044_fa2sd4a06W152AIR_420_1626155724_1626155908_243_obstacle.txt,145044,fa2sd4a06W152AIR,10,1,0,0
145044_fa2sd4a06W152AIR_420_1626155724_1626155908_243_obstacle.txt,145044,fa2sd4a06W152AIR,11,1,0,0
145044_fa2sd4a06W152AIR_420_1626155724_1626155908_243_obstacle.txt,145044,fa2sd4a06W152AIR,12,0,0,0
145044_fa2sd4a06W152AIR_420_1626155724_1626155908_243_obstacle.txt,145044,fa2sd4a06W152AIR,13,0,0,0
145044_fa2sd4a06W152AIR_420_1626155724_1626155908_243_obstacle.txt,145044,fa2sd4a06W152AIR,14,1,0,0
145044_fa2sd4a06W152AIR_420_1626155724_1626155908_243_obstacle.txt,145044,fa2sd4a06W152AIR,15,0,0,0
145044_fa2sd4a06W152AIR_420_1626155724_1626155908_243_obstacle.txt,145044,fa2sd4a06W152AIR,16,0,0,0
145044_fa2sd4a06W152AIR_420_1626155724_1626155908_31_obstacle.txt,145044,fa2sd4a06W152AIR,1,0,0,0
145044_fa2sd4a06W152AIR_420_1626155724_1626155908_31_obstacle.txt,145044,fa2sd4a06W152AIR,2,0,0,0
145044_fa2sd4a06W152AIR_420_1626155724_1626155908_31_obstacle.txt,145044,fa2sd4a06W152AIR,3,1,0,0
145044_fa2sd4a06W152AIR_420_1626155724_1626155908_31_obstacle.txt,145044,fa2sd4a06W152AIR,4,0,0,0
145044_fa2sd4a06W152AIR_420_1626155724_1626155908_31_obstacle.txt,145044,fa2sd4a06W152AIR,5,0,0,0
145044_fa2sd4a06W152AIR_420_1626155724_1626155908_31_obstacle.txt,145044,fa2sd4a06W152AIR,6,0,0,0
145044_fa2sd4a06W152AIR_420_1626155724_1626155908_31_obstacle.txt,145044,fa2sd4a06W152AIR,7,0,0,0
145044_fa2sd4a06W152AIR_420_1626155724_1626155908_31_obstacle.txt,145044,fa2sd4a06W152AIR,8,1,0,0
145044_fa2sd4a06W152AIR_420_1626155724_1626155908_31_obstacle.txt,145044,fa2sd4a06W152AIR,9,1,0,0
145044_fa2sd4a06W152AIR_420_1626155724_1626155908_31_obstacle.txt,145044,fa2sd4a06W152AIR,10,1,0,0
145044_fa2sd4a06W152AIR_420_1626155724_1626155908_31_obstacle.txt,145044,fa2sd4a06W152AIR,11,0,0,0
145044_fa2sd4a06W152AIR_420_1626155724_1626155908_31_obstacle.txt,145044,fa2sd4a06W152AIR,12,0,0,0
145044_fa2sd4a06W152AIR_420_1626155724_1626155908_31_obstacle.txt,145044,fa2sd4a06W152AIR,13,1,0,0
145044_fa2sd4a06W152AIR_420_1626155724_1626155908_31_obstacle.txt,145044,fa2sd4a06W152AIR,14,0,0,0
145044_fa2sd4a06W152AIR_420_1626155724_1626155908_31_obstacle.txt,145044,fa2sd4a06W152AIR,15,0,0,0
145044_fa2sd4a06W152AIR_420_1626155724_1626155908_31_obstacle.txt,145044,fa2sd4a06W152AIR,16,0,0,0
145044_fa2sd4a06W152AIR_420_1626155724_1626155908_31_obstacle.txt,145044,fa2sd4a06W152AIR,17,1,0,0
145044_fa2sd4a06W152AIR_420_1626155724_1626155908_31_obstacle.txt,145044,fa2sd4a06W152AIR,18,0,0,0
145044_fa2sd4a06W152AIR_420_1626155724_1626155908_31_obstacle.txt,145044,fa2sd4a06W152AIR,19,0,0,0
145044_fa2sd4a06W152AIR_420_1626155724_1626155908_31_obstacle.txt,145044,fa2sd4a06W152AIR,20,0,0,0
145044_fa2sd4a06W152AIR_420_1626155724_1626155908_31_obstacle.txt,145044,fa2sd4a06W152AIR,21,1,0,0
145044_fa2sd4a06W152AIR_420_1626155724_1626155908_31_obstacle.txt,145044,fa2sd4a06W152AIR,22,0,0,0
145044_fa2sd4a06W152AIR_420_1626155724_1626155908_31_obstacle.txt,145044,fa2sd4a06W152AIR,23,0,0,0
145046_fa2sd4a06W152AIR_420_1626156703_1626157310_223_obstacle.txt,145046,fa2sd4a06W152AIR,1,0,0,0
145046_fa2sd4a06W152AIR_420_1626156703_1626157310_223_obstacle.txt,145046,fa2sd4a06W152AIR,2,0,0,0
145046_fa2sd4a06W152AIR_420_1626156703_1626157310_223_obstacle.txt,145046,fa2sd4a06W152AIR,3,0,0,0
145046_fa2sd4a06W152AIR_420_1626156703_1626157310_223_obstacle.txt,145046,fa2sd4a06W152AIR,4,0,1,0
145046_fa2sd4a06W152AIR_420_1626156703_1626157310_223_obstacle.txt,145046,fa2sd4a06W152AIR,5,0,1,0
145046_fa2sd4a06W152AIR_420_1626156703_1626157310_223_obstacle.txt,145046,fa2sd4a06W152AIR,6,0,1,0
145046_fa2sd4a06W152AIR_420_1626156703_1626157310_223_obstacle.txt,145046,fa2sd4a06W152AIR,7,0,0,0
145046_fa2sd4a06W152AIR_420_1626156703_1626157310_223_obstacle.txt,145046,fa2sd4a06W152AIR,8,0,1,0
145046_fa2sd4a06W152AIR_420_1626156703_1626157310_223_obstacle.txt,145046,fa2sd4a06W152AIR,9,0,0,0
145046_fa2sd4a06W152AIR_420_1626156703_1626157310_223_obstacle.txt,145046,fa2sd4a06W152AIR,10,0,1,0
145046_fa2sd4a06W152AIR_420_1626156703_1626157310_223_obstacle.txt,145046,fa2sd4a06W152AIR,11,0,0,0
145046_fa2sd4a06W152AIR_420_1626156703_1626157310_223_obstacle.txt,145046,fa2sd4a06W152AIR,12,0,1,0
145046_fa2sd4a06W152AIR_420_1626156703_1626157310_223_obstacle.txt,145046,fa2sd4a06W152AIR,13,0,0,0
145046_fa2sd4a06W152AIR_420_1626156703_1626157310_223_obstacle.txt,145046,fa2sd4a06W152AIR,14,0,1,0
145046_fa2sd4a06W152AIR_420_1626156703_1626157310_223_obstacle.txt,145046,fa2sd4a06W152AIR,15,0,0,0
145046_fa2sd4a06W152AIR_420_1626156703_1626157310_223_obstacle.txt,145046,fa2sd4a06W152AIR,16,0,0,0
145046_fa2sd4a06W152AIR_420_1626156703_1626157310_223_obstacle.txt,145046,fa2sd4a06W152AIR,17,0,1,0
145046_fa2sd4a06W152AIR_420_1626156703_1626157310_223_obstacle.txt,145046,fa2sd4a06W152AIR,18,0,1,0
145046_fa2sd4a06W152AIR_420_1626156703_1626157310_223_obstacle.txt,145046,fa2sd4a06W152AIR,19,0,0,0
145046_fa2sd4a06W152AIR_420_1626156703_1626157310_223_obstacle.txt,145046,fa2sd4a06W152AIR,20,0,1,0
145046_fa2sd4a06W152AIR_420_1626156703_1626157310_223_obstacle.txt,145046,fa2sd4a06W152AIR,21,0,0,0
145046_fa2sd4a06W152AIR_420_1626156703_1626157310_223_obstacle.txt,145046,fa2sd4a06W152AIR,22,0,0,0
145046_fa2sd4a06W152AIR_420_1626156703_1626157310_223_obstacle.txt,145046,fa2sd4a06W152AIR,23,0,0,0
145047_fa2sd4a08E154AIR_420_1626239765_1626240189_263_obstacle.txt,145047,fa2sd4a08E154AIR,1,0,0,1
145047_fa2sd4a08E154AIR_420_1626239765_1626240189_263_obstacle.txt,145047,fa2sd4a08E154AIR,2,0,0,1
145047_fa2sd4a08E154AIR_420_1626239765_1626240189_263_obstacle.txt,145047,fa2sd4a08E154AIR,3,0,0,0
145050_fa2sd4a09S151AIR_420_1626164593_1626164733_259_obstacle.txt,145050,fa2sd4a09S151AIR,1,0,0,1
145053_fa2sd4a09S151AIR_420_1626165406_1626165535_56_obstacle.txt,145053,fa2sd4a09S151AIR,1,0,0,0
145053_fa2sd4a09S151AIR_420_1626165406_1626165535_56_obstacle.txt,145053,fa2sd4a09S151AIR,2,0,0,0
145053_fa2sd4a09S151AIR_420_1626165406_1626165535_56_obstacle.txt,145053,fa2sd4a09S151AIR,3,0,0,0
145053_fa2sd4a09S151AIR_420_1626165406_1626165535_56_obstacle.txt,145053,fa2sd4a09S151AIR,4,0,0,0
145053_fa2sd4a09S151AIR_420_1626165406_1626165535_56_obstacle.txt,145053,fa2sd4a09S151AIR,5,0,1,0
145053_fa2sd4a09S151AIR_420_1626165406_1626165535_56_obstacle.txt,145053,fa2sd4a09S151AIR,6,0,1,0
145053_fa2sd4a09S151AIR_420_1626165406_1626165535_56_obstacle.txt,145053,fa2sd4a09S151AIR,7,0,1,0
145053_fa2sd4a09S151AIR_420_1626165406_1626165535_56_obstacle.txt,145053,fa2sd4a09S151AIR,8,0,1,0
145053_fa2sd4a09S151AIR_420_1626165406_1626165535_56_obstacle.txt,145053,fa2sd4a09S151AIR,9,0,0,0
145053_fa2sd4a09S151AIR_420_1626165406_1626165535_56_obstacle.txt,145053,fa2sd4a09S151AIR,10,0,0,0
145053_fa2sd4a09S151AIR_420_1626165406_1626165535_56_obstacle.txt,145053,fa2sd4a09S151AIR,11,0,0,0
145054_fa2sd4a09S151AIR_420_1626165535_1626165806_151_obstacle.txt,145054,fa2sd4a09S151AIR,1,0,0,0
145054_fa2sd4a09S151AIR_420_1626165535_1626165806_151_obstacle.txt,145054,fa2sd4a09S151AIR,2,0,0,0
145054_fa2sd4a09S151AIR_420_1626165535_1626165806_151_obstacle.txt,145054,fa2sd4a09S151AIR,3,0,0,0
145054_fa2sd4a09S151AIR_420_1626165535_1626165806_151_obstacle.txt,145054,fa2sd4a09S151AIR,4,1,1,0
145054_fa2sd4a09S151AIR_420_1626165535_1626165806_151_obstacle.txt,145054,fa2sd4a09S151AIR,5,0,0,0
145054_fa2sd4a09S151AIR_420_1626165535_1626165806_151_obstacle.txt,145054,fa2sd4a09S151AIR,6,1,1,0
145056_fa2sd4a09S151AIR_420_1626166810_1626167049_114_obstacle.txt,145056,fa2sd4a09S151AIR,1,0,0,1
145056_fa2sd4a09S151AIR_420_1626166810_1626167049_114_obstacle.txt,145056,fa2sd4a09S151AIR,2,0,0,1
145056_fa2sd4a09S151AIR_420_1626166810_1626167049_114_obstacle.txt,145056,fa2sd4a09S151AIR,3,0,0,1
145056_fa2sd4a09S151AIR_420_1626166810_1626167049_114_obstacle.txt,145056,fa2sd4a09S151AIR,4,0,0,0
145056_fa2sd4a09S151AIR_420_1626166810_1626167049_114_obstacle.txt,145056,fa2sd4a09S151AIR,5,0,0,1
145056_fa2sd4a09S151AIR_420_1626166810_1626167049_114_obstacle.txt,145056,fa2sd4a09S151AIR,6,0,0,0
145056_fa2sd4a09S151AIR_420_1626166810_1626167049_114_obstacle.txt,145056,fa2sd4a09S151AIR,7,0,0,1
145056_fa2sd4a09S151AIR_420_1626166810_1626167049_114_obstacle.txt,145056,fa2sd4a09S151AIR,8,0,0,1
145056_fa2sd4a09S151AIR_420_1626166810_1626167049_114_obstacle.txt,145056,fa2sd4a09S151AIR,9,0,0,0
145056_fa2sd4a09S151AIR_420_1626166810_1626167049_114_obstacle.txt,145056,fa2sd4a09S151AIR,10,0,0,0
145056_fa2sd4a09S151AIR_420_1626166810_1626167049_114_obstacle.txt,145056,fa2sd4a09S151AIR,11,0,0,1
145056_fa2sd4a09S151AIR_420_1626166810_1626167049_114_obstacle.txt,145056,fa2sd4a09S151AIR,12,0,0,1
145056_fa2sd4a09S151AIR_420_1626166810_1626167049_114_obstacle.txt,145056,fa2sd4a09S151AIR,13,0,0,1
145056_fa2sd4a09S151AIR_420_1626166810_1626167049_114_obstacle.txt,145056,fa2sd4a09S151AIR,14,0,0,0
145056_fa2sd4a09S151AIR_420_1626166810_1626167049_114_obstacle.txt,145056,fa2sd4a09S151AIR,15,0,0,0
145056_fa2sd4a09S151AIR_420_1626166810_1626167049_114_obstacle.txt,145056,fa2sd4a09S151AIR,16,0,0,0
145057_fa2sd4a09S151AIR_420_1626166384_1626166810_215_obstacle.txt,145057,fa2sd4a09S151AIR,1,1,0,0
145057_fa2sd4a09S151AIR_420_1626166384_1626166810_215_obstacle.txt,145057,fa2sd4a09S151AIR,2,0,0,0
145409_fa2sd4a10W152AIR_420_1626159838_1626160089_93_obstacle.txt,145409,fa2sd4a10W152AIR,1,0,1,0
145409_fa2sd4a10W152AIR_420_1626159838_1626160089_93_obstacle.txt,145409,fa2sd4a10W152AIR,2,0,0,0
145409_fa2sd4a10W152AIR_420_1626159838_1626160089_93_obstacle.txt,145409,fa2sd4a10W152AIR,3,0,0,0
145409_fa2sd4a10W152AIR_420_1626159838_1626160089_93_obstacle.txt,145409,fa2sd4a10W152AIR,4,0,1,0
145411_fa2sd4a10W152AIR_420_1626160257_1626160533_250_obstacle.txt,145411,fa2sd4a10W152AIR,1,0,1,1
145411_fa2sd4a10W152AIR_420_1626160257_1626160533_250_obstacle.txt,145411,fa2sd4a10W152AIR,2,0,0,0
145411_fa2sd4a10W152AIR_420_1626160257_1626160533_250_obstacle.txt,145411,fa2sd4a10W152AIR,3,0,1,1
145412_fa2sd4a10W152AIR_420_1626160712_1626161037_235_obstacle.txt,145412,fa2sd4a10W152AIR,1,0,0,0
145412_fa2sd4a10W152AIR_420_1626160712_1626161037_235_obstacle.txt,145412,fa2sd4a10W152AIR,2,0,0,0
145412_fa2sd4a10W152AIR_420_1626160712_1626161037_235_obstacle.txt,145412,fa2sd4a10W152AIR,3,0,0,1
145412_fa2sd4a10W152AIR_420_1626160712_1626161037_235_obstacle.txt,145412,fa2sd4a10W152AIR,4,0,0,0
145412_fa2sd4a10W152AIR_420_1626160712_1626161037_235_obstacle.txt,145412,fa2sd4a10W152AIR,5,0,0,0
145412_fa2sd4a10W152AIR_420_1626160712_1626161037_235_obstacle.txt,145412,fa2sd4a10W152AIR,6,0,0,0
145412_fa2sd4a10W152AIR_420_1626160712_1626161037_235_obstacle.txt,145412,fa2sd4a10W152AIR,7,0,0,0
145412_fa2sd4a10W152AIR_420_1626160712_1626161037_235_obstacle.txt,145412,fa2sd4a10W152AIR,8,0,0,1
145412_fa2sd4a10W152AIR_420_1626160712_1626161037_235_obstacle.txt,145412,fa2sd4a10W152AIR,9,0,0,0
145412_fa2sd4a10W152AIR_420_1626160712_1626161037_235_obstacle.txt,145412,fa2sd4a10W152AIR,10,0,0,0
145412_fa2sd4a10W152AIR_420_1626160712_1626161037_235_obstacle.txt,145412,fa2sd4a10W152AIR,11,0,0,0
145412_fa2sd4a10W152AIR_420_1626160712_1626161037_235_obstacle.txt,145412,fa2sd4a10W152AIR,12,0,0,0
145412_fa2sd4a10W152AIR_420_1626160712_1626161037_235_obstacle.txt,145412,fa2sd4a10W152AIR,13,0,0,1
145412_fa2sd4a10W152AIR_420_1626160712_1626161037_235_obstacle.txt,145412,fa2sd4a10W152AIR,14,0,0,0
145412_fa2sd4a10W152AIR_420_1626160712_1626161037_235_obstacle.txt,145412,fa2sd4a10W152AIR,15,0,0,0
145412_fa2sd4a10W152AIR_420_1626160712_1626161037_235_obstacle.txt,145412,fa2sd4a10W152AIR,16,0,0,0
145412_fa2sd4a10W152AIR_420_1626160712_1626161037_235_obstacle.txt,145412,fa2sd4a10W152AIR,17,0,0,0
145415_fa2sd4a10W152AIR_420_1626161960_1626162131_215_obstacle.txt,145415,fa2sd4a10W152AIR,1,0,0,0
145415_fa2sd4a10W152AIR_420_1626161960_1626162131_215_obstacle.txt,145415,fa2sd4a10W152AIR,2,0,1,1
145415_fa2sd4a10W152AIR_420_1626161960_1626162131_215_obstacle.txt,145415,fa2sd4a10W152AIR,3,0,1,1
145415_fa2sd4a10W152AIR_420_1626161960_1626162131_215_obstacle.txt,145415,fa2sd4a10W152AIR,4,0,1,1
145415_fa2sd4a10W152AIR_420_1626161960_1626162131_215_obstacle.txt,145415,fa2sd4a10W152AIR,5,0,1,1
145420_fa2sd4a13W152AIR_420_1626245124_1626245482_145_obstacle.txt,145420,fa2sd4a13W152AIR,1,0,1,0
145420_fa2sd4a13W152AIR_420_1626245124_1626245482_145_obstacle.txt,145420,fa2sd4a13W152AIR,2,0,1,0
145420_fa2sd4a13W152AIR_420_1626245124_1626245482_145_obstacle.txt,145420,fa2sd4a13W152AIR,3,0,0,0
145420_fa2sd4a13W152AIR_420_1626245124_1626245482_145_obstacle.txt,145420,fa2sd4a13W152AIR,4,0,1,0
145420_fa2sd4a13W152AIR_420_1626245124_1626245482_145_obstacle.txt,145420,fa2sd4a13W152AIR,5,0,0,0
145420_fa2sd4a13W152AIR_420_1626245124_1626245482_145_obstacle.txt,145420,fa2sd4a13W152AIR,6,0,0,0
145420_fa2sd4a13W152AIR_420_1626245124_1626245482_145_obstacle.txt,145420,fa2sd4a13W152AIR,7,0,0,0
145420_fa2sd4a13W152AIR_420_1626245124_1626245482_145_obstacle.txt,145420,fa2sd4a13W152AIR,8,0,1,0
145420_fa2sd4a13W152AIR_420_1626245124_1626245482_145_obstacle.txt,145420,fa2sd4a13W152AIR,9,0,1,0
145420_fa2sd4a13W152AIR_420_1626245124_1626245482_145_obstacle.txt,145420,fa2sd4a13W152AIR,10,0,0,0
145420_fa2sd4a13W152AIR_420_1626245124_1626245482_145_obstacle.txt,145420,fa2sd4a13W152AIR,11,0,0,0
145420_fa2sd4a13W152AIR_420_1626245124_1626245482_145_obstacle.txt,145420,fa2sd4a13W152AIR,12,0,1,0
145420_fa2sd4a13W152AIR_420_1626245124_1626245482_145_obstacle.txt,145420,fa2sd4a13W152AIR,13,0,1,0
145420_fa2sd4a13W152AIR_420_1626245124_1626245482_145_obstacle.txt,145420,fa2sd4a13W152AIR,14,0,0,0
145420_fa2sd4a13W152AIR_420_1626245124_1626245482_180_obstacle.txt,145420,fa2sd4a13W152AIR,1,0,0,0
145420_fa2sd4a13W152AIR_420_1626245124_1626245482_180_obstacle.txt,145420,fa2sd4a13W152AIR,2,0,0,0
145420_fa2sd4a13W152AIR_420_1626245124_1626245482_180_obstacle.txt,145420,fa2sd4a13W152AIR,3,0,0,1
145420_fa2sd4a13W152AIR_420_1626245124_1626245482_180_obstacle.txt,145420,fa2sd4a13W152AIR,4,0,0,1
145420_fa2sd4a13W152AIR_420_1626245124_1626245482_180_obstacle.txt,145420,fa2sd4a13W152AIR,5,0,0,0
145420_fa2sd4a13W152AIR_420_1626245124_1626245482_180_obstacle.txt,145420,fa2sd4a13W152AIR,6,0,0,0
145420_fa2sd4a13W152AIR_420_1626245124_1626245482_180_obstacle.txt,145420,fa2sd4a13W152AIR,7,0,0,1
145420_fa2sd4a13W152AIR_420_1626245124_1626245482_180_obstacle.txt,145420,fa2sd4a13W152AIR,8,0,0,1
145420_fa2sd4a13W152AIR_420_1626245124_1626245482_180_obstacle.txt,145420,fa2sd4a13W152AIR,9,0,0,1
145420_fa2sd4a13W152AIR_420_1626245124_1626245482_180_obstacle.txt,145420,fa2sd4a13W152AIR,10,0,0,0
145420_fa2sd4a13W152AIR_420_1626245124_1626245482_180_obstacle.txt,145420,fa2sd4a13W152AIR,11,0,0,1
145420_fa2sd4a13W152AIR_420_1626245124_1626245482_180_obstacle.txt,145420,fa2sd4a13W152AIR,12,0,0,0
145420_fa2sd4a13W152AIR_420_1626245124_1626245482_180_obstacle.txt,145420,fa2sd4a13W152AIR,13,0,0,0
145420_fa2sd4a13W152AIR_420_1626245124_1626245482_180_obstacle.txt,145420,fa2sd4a13W152AIR,14,0,0,0
145420_fa2sd4a13W152AIR_420_1626245124_1626245482_180_obstacle.txt,145420,fa2sd4a13W152AIR,15,0,0,1
145420_fa2sd4a13W152AIR_420_1626245124_1626245482_52_obstacle.txt,145420,fa2sd4a13W152AIR,1,0,0,0
145420_fa2sd4a13W152AIR_420_1626245124_1626245482_52_obstacle.txt,145420,fa2sd4a13W152AIR,2,0,0,0
145420_fa2sd4a13W152AIR_420_1626245124_1626245482_52_obstacle.txt,145420,fa2sd4a13W152AIR,3,0,0,0
145420_fa2sd4a13W152AIR_420_1626245124_1626245482_52_obstacle.txt,145420,fa2sd4a13W152AIR,4,0,0,0
145420_fa2sd4a13W152AIR_420_1626245124_1626245482_52_obstacle.txt,145420,fa2sd4a13W152AIR,5,0,1,0
145420_fa2sd4a13W152AIR_420_1626245124_1626245482_52_obstacle.txt,145420,fa2sd4a13W152AIR,6,0,0,0
145420_fa2sd4a13W152AIR_420_1626245124_1626245482_52_obstacle.txt,145420,fa2sd4a13W152AIR,7,0,1,0
145420_fa2sd4a13W152AIR_420_1626245124_1626245482_52_obstacle.txt,145420,fa2sd4a13W152AIR,8,0,0,0
145420_fa2sd4a13W152AIR_420_1626245124_1626245482_52_obstacle.txt,145420,fa2sd4a13W152AIR,9,0,0,0
145420_fa2sd4a13W152AIR_420_1626245124_1626245482_52_obstacle.txt,145420,fa2sd4a13W152AIR,10,0,0,0
145420_fa2sd4a13W152AIR_420_1626245124_1626245482_52_obstacle.txt,145420,fa2sd4a13W152AIR,11,0,0,0
145420_fa2sd4a13W152AIR_420_1626245124_1626245482_52_obstacle.txt,145420,fa2sd4a13W152AIR,12,0,0,0
145420_fa2sd4a13W152AIR_420_1626245124_1626245482_52_obstacle.txt,145420,fa2sd4a13W152AIR,13,0,1,0
145420_fa2sd4a13W152AIR_420_1626245124_1626245482_52_obstacle.txt,145420,fa2sd4a13W152AIR,14,0,0,0
145420_fa2sd4a13W152AIR_420_1626245124_1626245482_52_obstacle.txt,145420,fa2sd4a13W152AIR,15,0,0,0
145420_fa2sd4a13W152AIR_420_1626245124_1626245482_52_obstacle.txt,145420,fa2sd4a13W152AIR,16,0,0,0
145420_fa2sd4a13W152AIR_420_1626245124_1626245482_52_obstacle.txt,145420,fa2sd4a13W152AIR,17,0,0,0
145420_fa2sd4a13W152AIR_420_1626245124_1626245482_52_obstacle.txt,145420,fa2sd4a13W152AIR,18,0,0,0
145420_fa2sd4a13W152AIR_420_1626245124_1626245482_52_obstacle.txt,145420,fa2sd4a13W152AIR,19,0,0,0
1632_fa2sd4a11North151_420_1613716796_1613719782_162_obstacle.txt,1632,fa2sd4a11North151,1,0,1,0
1632_fa2sd4a11North151_420_1613716796_1613719782_162_obstacle.txt,1632,fa2sd4a11North151,2,0,0,0
1632_fa2sd4a11North151_420_1613716796_1613719782_162_obstacle.txt,1632,fa2sd4a11North151,3,0,0,0
1632_fa2sd4a11North151_420_1613716796_1613719782_162_obstacle.txt,1632,fa2sd4a11North151,4,0,0,0
1632_fa2sd4a11North151_420_1613724070_1613731267_98_obstacle.txt,1632,fa2sd4a11North151,1,1,0,0
1632_fa2sd4a11North151_420_1613724070_1613731267_98_obstacle.txt,1632,fa2sd4a11North151,2,1,0,0
1632_fa2sd4a11North151_420_1613724070_1613731267_98_obstacle.txt,1632,fa2sd4a11North151,3,1,0,0
1632_fa2sd4a11North151_420_1613724070_1613731267_98_obstacle.txt,1632,fa2sd4a11North151,4,1,0,0
1632_fa2sd4a11North151_420_1613724070_1613731267_98_obstacle.txt,1632,fa2sd4a11North151,5,0,0,0
1632_fa2sd4a11North151_420_1613724070_1613731267_98_obstacle.txt,1632,fa2sd4a11North151,6,0,0,0
1632_fa2sd4a11North151_420_1613724070_1613731267_98_obstacle.txt,1632,fa2sd4a11North151,7,0,0,0
1632_fa2sd4a11North151_420_1613724070_1613731267_98_obstacle.txt,1632,fa2sd4a11North151,8,1,0,0
1632_fa2sd4a11North151_420_1613724070_1613731267_98_obstacle.txt,1632,fa2sd4a11North151,9,1,0,0
1632_fa2sd4a11North151_420_1613724070_1613731267_98_obstacle.txt,1632,fa2sd4a11North151,10,1,0,0
1632_fa2sd4a11North151_420_1613724070_1613731267_98_obstacle.txt,1632,fa2sd4a11North151,11,1,0,0
1632_fa2sd4a11North151_420_1613724070_1613731267_98_obstacle.txt,1632,fa2sd4a11North151,12,0,0,0
1632_fa2sd4a11North151_420_1613724070_1613731267_98_obstacle.txt,1632,fa2sd4a11North151,13,0,0,0
1632_fa2sd4a11North151_420_1613724070_1613731267_98_obstacle.txt,1632,fa2sd4a11North151,14,1,0,0
1632_fa2sd4a11North151_420_1613724070_1613731267_98_obstacle.txt,1632,fa2sd4a11North151,15,0,0,0
1632_fa2sd4a11North151_420_1613724070_1613731267_98_obstacle.txt,1632,fa2sd4a11North151,16,1,0,0
1632_fa2sd4a11North151_420_1613724070_1613731267_98_obstacle.txt,1632,fa2sd4a11North151,17,0,0,0
1632_fa2sd4a11South153_420_1613719682_1613722256_247_obstacle.txt,1632,fa2sd4a11South153,1,0,0,0
1632_fa2sd4a11South153_420_1613719682_1613722256_247_obstacle.txt,1632,fa2sd4a11South153,2,0,0,0
1632_fa2sd4a11South153_420_1613719682_1613722256_247_obstacle.txt,1632,fa2sd4a11South153,3,0,0,0
1632_fa2sd4a11South153_420_1613719682_1613722256_247_obstacle.txt,1632,fa2sd4a11South153,4,1,0,0
1632_fa2sd4a11South153_420_1613719682_1613722256_247_obstacle.txt,1632,fa2sd4a11South153,5,0,0,0
1632_fa2sd4a11South153_420_1613719682_1613722256_247_obstacle.txt,1632,fa2sd4a11South153,6,0,0,0
1632_fa2sd4a11South153_420_1613719682_1613722256_247_obstacle.txt,1632,fa2sd4a11South153,7,0,0,0
1632_fa2sd4a11South153_420_1613719682_1613722256_247_obstacle.txt,1632,fa2sd4a11South153,8,0,0,0
1632_fa2sd4a11South153_420_1613719682_1613722256_247_obstacle.txt,1632,fa2sd4a11South153,9,1,0,0
1632_fa2sd4a11South153_420_1613719682_1613722256_247_obstacle.txt,1632,fa2sd4a11South153,10,1,0,0
1632_fa2sd4a11South153_420_1613719682_1613722256_247_obstacle.txt,1632,fa2sd4a11South153,11,0,0,0
1632_fa2sd4a11South153_420_1613719682_1613722256_247_obstacle.txt,1632,fa2sd4a11South153,12,0,0,0
1632_fa2sd4a11South153_420_1613719682_1613722256_247_obstacle.txt,1632,fa2sd4a11South153,13,0,0,0
1679_fa2sd4adatasetNorth151_420_1616052344_1616052648_133_obstacle.txt,1679,fa2sd4adatasetNorth151,1,0,0,0
1679_fa2sd4adatasetNorth151_420_1616052344_1616052648_133_obstacle.txt,1679,fa2sd4adatasetNorth151,2,0,0,0
1679_fa2sd4adatasetNorth151_420_1616052344_1616052648_133_obstacle.txt,1679,fa2sd4adatasetNorth151,3,0,0,0
1679_fa2sd4adatasetNorth151_420_1616052344_1616052648_133_obstacle.txt,1679,fa2sd4adatasetNorth151,4,0,0,0
1679_fa2sd4adatasetNorth151_420_1616052344_1616052648_133_obstacle.txt,1679,fa2sd4adatasetNorth151,5,0,0,0
1679_fa2sd4adatasetNorth151_420_1616052344_1616052648_133_obstacle.txt,1679,fa2sd4adatasetNorth151,6,0,0,0
1679_fa2sd4adatasetNorth151_420_1616052344_1616052648_133_obstacle.txt,1679,fa2sd4adatasetNorth151,7,0,0,0
1679_fa2sd4adatasetNorth151_420_1616052344_1616052648_133_obstacle.txt,1679,fa2sd4adatasetNorth151,8,0,0,0
1679_fa2sd4adatasetNorth151_420_1616052344_1616052648_133_obstacle.txt,1679,fa2sd4adatasetNorth151,9,0,0,0
1679_fa2sd4adatasetNorth151_420_1616052344_1616052648_133_obstacle.txt,1679,fa2sd4adatasetNorth151,10,0,0,0
1679_fa2sd4adatasetNorth151_420_1616052344_1616052648_133_obstacle.txt,1679,fa2sd4adatasetNorth151,11,0,0,0
1679_fa2sd4adatasetNorth151_420_1616052344_1616052648_133_obstacle.txt,1679,fa2sd4adatasetNorth151,12,0,1,0
1679_fa2sd4adatasetNorth151_420_1616052344_1616052648_133_obstacle.txt,1679,fa2sd4adatasetNorth151,13,0,0,0
1679_fa2sd4adatasetNorth151_420_1616052344_1616052648_133_obstacle.txt,1679,fa2sd4adatasetNorth151,14,0,0,0
1679_fa2sd4adatasetNorth151_420_1616052344_1616052648_133_obstacle.txt,1679,fa2sd4adatasetNorth151,15,0,1,0
1679_fa2sd4adatasetNorth151_420_1616052344_1616052648_133_obstacle.txt,1679,fa2sd4adatasetNorth151,16,0,0,0
1679_fa2sd4adatasetNorth151_420_1616052344_1616052648_133_obstacle.txt,1679,fa2sd4adatasetNorth151,17,0,0,0
1679_fa2sd4adatasetNorth151_420_1616052344_1616052648_133_obstacle.txt,1679,fa2sd4adatasetNorth151,18,0,1,0
1679_fa2sd4adatasetNorth151_420_1616052344_1616052648_133_obstacle.txt,1679,fa2sd4adatasetNorth151,19,0,0,0
1679_fa2sd4adatasetNorth151_420_1616052344_1616052648_133_obstacle.txt,1679,fa2sd4adatasetNorth151,20,0,0,0
1679_fa2sd4adatasetNorth151_420_1616052344_1616052648_133_obstacle.txt,1679,fa2sd4adatasetNorth151,21,0,0,0
1679_fa2sd4adatasetNorth151_420_1616052954_1616053259_266_obstacle.txt,1679,fa2sd4adatasetNorth151,1,0,0,0
1679_fa2sd4adatasetNorth151_420_1616052954_1616053259_266_obstacle.txt,1679,fa2sd4adatasetNorth151,2,0,0,0
1679_fa2sd4adatasetNorth151_420_1616052954_1616053259_266_obstacle.txt,1679,fa2sd4adatasetNorth151,3,0,1,0
1679_fa2sd4adatasetNorth151_420_1616052954_1616053259_266_obstacle.txt,1679,fa2sd4adatasetNorth151,4,0,0,0
1679_fa2sd4adatasetNorth151_420_1616052954_1616053259_266_obstacle.txt,1679,fa2sd4adatasetNorth151,5,0,0,0
1679_fa2sd4adatasetNorth151_420_1616052954_1616053259_266_obstacle.txt,1679,fa2sd4adatasetNorth151,6,0,1,0
1679_fa2sd4adatasetNorth151_420_1616052954_1616053259_266_obstacle.txt,1679,fa2sd4adatasetNorth151,7,0,1,0
1679_fa2sd4adatasetNorth151_420_1616052954_1616053259_266_obstacle.txt,1679,fa2sd4adatasetNorth151,8,0,1,0
1679_fa2sd4adatasetNorth151_420_1616053567_1616053872_190_obstacle.txt,1679,fa2sd4adatasetNorth151,1,0,0,0
1679_fa2sd4adatasetNorth151_420_1616053567_1616053872_190_obstacle.txt,1679,fa2sd4adatasetNorth151,2,0,1,0
1679_fa2sd4adatasetNorth151_420_1616053567_1616053872_190_obstacle.txt,1679,fa2sd4adatasetNorth151,3,0,0,0
1679_fa2sd4adatasetNorth151_420_1616053567_1616053872_190_obstacle.txt,1679,fa2sd4adatasetNorth151,4,0,0,0
1679_fa2sd4adatasetNorth151_420_1616053567_1616053872_190_obstacle.txt,1679,fa2sd4adatasetNorth151,5,0,0,0
1679_fa2sd4adatasetNorth151_420_1616053567_1616053872_190_obstacle.txt,1679,fa2sd4adatasetNorth151,6,0,1,0
1679_fa2sd4adatasetNorth151_420_1616053567_1616053872_190_obstacle.txt,1679,fa2sd4adatasetNorth151,7,0,0,0
1679_fa2sd4adatasetNorth151_420_1616053567_1616053872_190_obstacle.txt,1679,fa2sd4adatasetNorth151,8,0,0,0
1679_fa2sd4adatasetNorth151_420_1616053567_1616053872_190_obstacle.txt,1679,fa2sd4adatasetNorth151,9,0,0,0
1679_fa2sd4adatasetNorth151_420_1616053567_1616053872_190_obstacle.txt,1679,fa2sd4adatasetNorth151,10,0,1,0
1679_fa2sd4adatasetNorth151_420_1616053567_1616053872_214_obstacle.txt,1679,fa2sd4adatasetNorth151,1,0,1,0
1679_fa2sd4adatasetNorth151_420_1616053567_1616053872_214_obstacle.txt,1679,fa2sd4adatasetNorth151,2,0,0,0
1679_fa2sd4adatasetNorth151_420_1616053567_1616053872_214_obstacle.txt,1679,fa2sd4adatasetNorth151,3,0,0,0
1679_fa2sd4adatasetNorth151_420_1616053567_1616053872_214_obstacle.txt,1679,fa2sd4adatasetNorth151,4,0,1,0
1679_fa2sd4adatasetNorth151_420_1616053567_1616053872_214_obstacle.txt,1679,fa2sd4adatasetNorth151,5,0,0,0
1679_fa2sd4adatasetNorth151_420_1616053567_1616053872_214_obstacle.txt,1679,fa2sd4adatasetNorth151,6,0,1,0
1679_fa2sd4adatasetNorth151_420_1616053567_1616053872_214_obstacle.txt,1679,fa2sd4adatasetNorth151,7,0,0,0
1679_fa2sd4adatasetNorth151_420_1616053567_1616053872_214_obstacle.txt,1679,fa2sd4adatasetNorth151,8,0,0,0
1679_fa2sd4adatasetNorth151_420_1616053567_1616053872_214_obstacle.txt,1679,fa2sd4adatasetNorth151,9,0,1,0
1679_fa2sd4adatasetNorth151_420_1616053567_1616053872_214_obstacle.txt,1679,fa2sd4adatasetNorth151,10,0,0,0
1679_fa2sd4adatasetNorth151_420_1616053567_1616053872_262_obstacle.txt,1679,fa2sd4adatasetNorth151,1,0,0,0
1679_fa2sd4adatasetNorth151_420_1616053567_1616053872_262_obstacle.txt,1679,fa2sd4adatasetNorth151,2,0,1,0
1679_fa2sd4adatasetNorth151_420_1616053567_1616053872_262_obstacle.txt,1679,fa2sd4adatasetNorth151,3,0,1,0
1679_fa2sd4adatasetNorth151_420_1616053567_1616053872_262_obstacle.txt,1679,fa2sd4adatasetNorth151,4,0,0,0
1679_fa2sd4adatasetNorth151_420_1616053567_1616053872_262_obstacle.txt,1679,fa2sd4adatasetNorth151,5,0,0,0
1679_fa2sd4adatasetNorth151_420_1616053567_1616053872_262_obstacle.txt,1679,fa2sd4adatasetNorth151,6,0,1,0
1679_fa2sd4adatasetNorth151_420_1616053567_1616053872_262_obstacle.txt,1679,fa2sd4adatasetNorth151,7,0,1,0
1679_fa2sd4adatasetNorth151_420_1616053567_1616053872_262_obstacle.txt,1679,fa2sd4adatasetNorth151,8,0,0,0
1679_fa2sd4adatasetNorth151_420_1616053567_1616053872_262_obstacle.txt,1679,fa2sd4adatasetNorth151,9,0,0,0
1679_fa2sd4adatasetNorth151_420_1616053567_1616053872_262_obstacle.txt,1679,fa2sd4adatasetNorth151,10,0,0,0
1679_fa2sd4adatasetNorth151_420_1616053567_1616053872_262_obstacle.txt,1679,fa2sd4adatasetNorth151,11,0,1,0
1679_fa2sd4adatasetNorth151_420_1616053567_1616053872_262_obstacle.txt,1679,fa2sd4adatasetNorth151,12,0,0,0
1679_fa2sd4adatasetNorth151_420_1616053567_1616053872_262_obstacle.txt,1679,fa2sd4adatasetNorth151,13,0,0,0
1679_fa2sd4adatasetNorth151_420_1616053567_1616053872_262_obstacle.txt,1679,fa2sd4adatasetNorth151,14,0,0,0
1679_fa2sd4adatasetNorth151_420_1616053567_1616053872_262_obstacle.txt,1679,fa2sd4adatasetNorth151,15,0,0,0
1679_fa2sd4adatasetNorth151_420_1616053567_1616053872_262_obstacle.txt,1679,fa2sd4adatasetNorth151,16,0,0,0
1679_fa2sd4adatasetNorth151_420_1616053567_1616053872_262_obstacle.txt,1679,fa2sd4adatasetNorth151,17,0,1,0
1679_fa2sd4adatasetNorth151_420_1616053567_1616053872_262_obstacle.txt,1679,fa2sd4adatasetNorth151,18,0,0,0
1679_fa2sd4adatasetNorth151_420_1616053567_1616053872_262_obstacle.txt,1679,fa2sd4adatasetNorth151,19,0,0,0
1679_fa2sd4adatasetNorth151_420_1616053567_1616053872_262_obstacle.txt,1679,fa2sd4adatasetNorth151,20,0,0,0
1679_fa2sd4adatasetNorth151_420_1616053567_1616053872_262_obstacle.txt,1679,fa2sd4adatasetNorth151,21,0,0,0
1679_fa2sd4adatasetNorth151_420_1616055094_1616055397_81_obstacle.txt,1679,fa2sd4adatasetNorth151,1,0,0,1
1679_fa2sd4adatasetNorth151_420_1616055094_1616055397_81_obstacle.txt,1679,fa2sd4adatasetNorth151,2,0,0,0
1679_fa2sd4adatasetNorth151_420_1616055094_1616055397_81_obstacle.txt,1679,fa2sd4adatasetNorth151,3,0,0,0
1679_fa2sd4adatasetNorth151_420_1616055094_1616055397_81_obstacle.txt,1679,fa2sd4adatasetNorth151,4,0,0,1
1679_fa2sd4adatasetNorth151_420_1616055094_1616055397_81_obstacle.txt,1679,fa2sd4adatasetNorth151,5,0,0,1
1679_fa2sd4adatasetNorth151_420_1616055398_1616055702_154_obstacle.txt,1679,fa2sd4adatasetNorth151,1,1,0,0
1679_fa2sd4adatasetNorth151_420_1616055398_1616055702_154_obstacle.txt,1679,fa2sd4adatasetNorth151,2,0,0,0
1679_fa2sd4adatasetNorth151_420_1616055398_1616055702_154_obstacle.txt,1679,fa2sd4adatasetNorth151,3,1,0,0
1679_fa2sd4adatasetNorth151_420_1616055398_1616055702_154_obstacle.txt,1679,fa2sd4adatasetNorth151,4,0,0,0
1679_fa2sd4adatasetNorth151_420_1616055398_1616055702_154_obstacle.txt,1679,fa2sd4adatasetNorth151,5,0,0,0
1679_fa2sd4adatasetNorth151_420_1616055398_1616055702_154_obstacle.txt,1679,fa2sd4adatasetNorth151,6,1,0,0
1679_fa2sd4adatasetNorth151_420_1616055398_1616055702_154_obstacle.txt,1679,fa2sd4adatasetNorth151,7,0,0,0
1679_fa2sd4adatasetNorth151_420_1616055398_1616055702_154_obstacle.txt,1679,fa2sd4adatasetNorth151,8,0,0,0
1679_fa2sd4adatasetNorth151_420_1616055398_1616055702_154_obstacle.txt,1679,fa2sd4adatasetNorth151,9,1,0,0
1679_fa2sd4adatasetNorth151_420_1616055398_1616055702_154_obstacle.txt,1679,fa2sd4adatasetNorth151,10,1,0,0
1679_fa2sd4adatasetNorth151_420_1616055398_1616055702_154_obstacle.txt,1679,fa2sd4adatasetNorth151,11,1,0,0
1679_fa2sd4adatasetNorth151_420_1616055398_1616055702_154_obstacle.txt,1679,fa2sd4adatasetNorth151,12,1,0,0
1679_fa2sd4adatasetNorth151_420_1616055398_1616055702_154_obstacle.txt,1679,fa2sd4adatasetNorth151,13,1,0,0
1679_fa2sd4adatasetNorth151_420_1616055398_1616055702_154_obstacle.txt,1679,fa2sd4adatasetNorth151,14,1,0,0
1679_fa2sd4adatasetNorth151_420_1616055398_1616055702_154_obstacle.txt,1679,fa2sd4adatasetNorth151,15,0,0,0
1679_fa2sd4adatasetNorth151_420_1616055398_1616055702_154_obstacle.txt,1679,fa2sd4adatasetNorth151,16,0,0,0
1679_fa2sd4adatasetNorth151_420_1616055398_1616055702_154_obstacle.txt,1679,fa2sd4adatasetNorth151,17,0,0,0
1679_fa2sd4adatasetNorth151_420_1616055398_1616055702_154_obstacle.txt,1679,fa2sd4adatasetNorth151,18,1,0,0
1679_fa2sd4adatasetNorth151_420_1616055398_1616055702_154_obstacle.txt,1679,fa2sd4adatasetNorth151,19,1,0,0
1679_fa2sd4adatasetNorth151_420_1616055398_1616055702_154_obstacle.txt,1679,fa2sd4adatasetNorth151,20,1,0,0
1679_fa2sd4adatasetNorth151_420_1616055398_1616055702_154_obstacle.txt,1679,fa2sd4adatasetNorth151,21,0,0,0
1679_fa2sd4adatasetNorth151_420_1616055398_1616055702_154_obstacle.txt,1679,fa2sd4adatasetNorth151,22,1,0,0
1679_fa2sd4adatasetNorth151_420_1616055398_1616055702_154_obstacle.txt,1679,fa2sd4adatasetNorth151,23,0,0,0
1679_fa2sd4adatasetNorth151_420_1616055703_1616056008_260_obstacle.txt,1679,fa2sd4adatasetNorth151,1,0,0,1
1679_fa2sd4adatasetNorth151_420_1616055703_1616056008_260_obstacle.txt,1679,fa2sd4adatasetNorth151,2,0,0,1
1679_fa2sd4adatasetNorth151_420_1616055703_1616056008_260_obstacle.txt,1679,fa2sd4adatasetNorth151,3,0,0,1
1679_fa2sd4adatasetNorth151_420_1616055703_1616056008_260_obstacle.txt,1679,fa2sd4adatasetNorth151,4,0,0,0
1679_fa2sd4adatasetNorth151_420_1616055703_1616056008_260_obstacle.txt,1679,fa2sd4adatasetNorth151,5,0,0,1
1679_fa2sd4adatasetNorth151_420_1616055703_1616056008_260_obstacle.txt,1679,fa2sd4adatasetNorth151,6,0,0,0
1679_fa2sd4adatasetNorth151_420_1616055703_1616056008_265_obstacle.txt,1679,fa2sd4adatasetNorth151,1,1,0,0
1679_fa2sd4adatasetNorth151_420_1616055703_1616056008_265_obstacle.txt,1679,fa2sd4adatasetNorth151,2,1,0,0
1679_fa2sd4adatasetNorth151_420_1616055703_1616056008_265_obstacle.txt,1679,fa2sd4adatasetNorth151,3,0,0,0
1679_fa2sd4adatasetNorth151_420_1616055703_1616056008_265_obstacle.txt,1679,fa2sd4adatasetNorth151,4,1,0,0
1679_fa2sd4adatasetNorth151_420_1616055703_1616056008_265_obstacle.txt,1679,fa2sd4adatasetNorth151,5,0,0,0
1679_fa2sd4adatasetNorth151_420_1616055703_1616056008_265_obstacle.txt,1679,fa2sd4adatasetNorth151,6,0,0,0
1679_fa2sd4adatasetNorth151_420_1616055703_1616056008_265_obstacle.txt,1679,fa2sd4adatasetNorth151,7,1,0,0
1679_fa2sd4adatasetNorth151_420_1616055703_1616056008_265_obstacle.txt,1679,fa2sd4adatasetNorth151,8,1,0,0
1679_fa2sd4adatasetNorth151_420_1616056009_1616056314_142_obstacle.txt,1679,fa2sd4adatasetNorth151,1,0,0,0
1679_fa2sd4adatasetNorth151_420_1616056009_1616056314_142_obstacle.txt,1679,fa2sd4adatasetNorth151,2,1,0,0
1679_fa2sd4adatasetNorth151_420_1616056009_1616056314_142_obstacle.txt,1679,fa2sd4adatasetNorth151,3,0,0,0
1679_fa2sd4adatasetNorth151_420_1616056009_1616056314_142_obstacle.txt,1679,fa2sd4adatasetNorth151,4,0,0,0
1679_fa2sd4adatasetNorth151_420_1616056009_1616056314_142_obstacle.txt,1679,fa2sd4adatasetNorth151,5,0,0,0
1679_fa2sd4adatasetNorth151_420_1616056009_1616056314_142_obstacle.txt,1679,fa2sd4adatasetNorth151,6,1,0,0
1679_fa2sd4adatasetNorth151_420_1616056009_1616056314_142_obstacle.txt,1679,fa2sd4adatasetNorth151,7,1,0,0
1679_fa2sd4adatasetNorth151_420_1616056009_1616056314_142_obstacle.txt,1679,fa2sd4adatasetNorth151,8,0,0,0
1679_fa2sd4adatasetNorth151_420_1616056009_1616056314_142_obstacle.txt,1679,fa2sd4adatasetNorth151,9,1,0,0
1679_fa2sd4adatasetNorth151_420_1616056009_1616056314_142_obstacle.txt,1679,fa2sd4adatasetNorth151,10,0,0,0
1679_fa2sd4adatasetNorth151_420_1616056009_1616056314_142_obstacle.txt,1679,fa2sd4adatasetNorth151,11,1,0,0
1679_fa2sd4adatasetNorth151_420_1616056009_1616056314_142_obstacle.txt,1679,fa2sd4adatasetNorth151,12,0,0,0
1679_fa2sd4adatasetNorth151_420_1616056009_1616056314_142_obstacle.txt,1679,fa2sd4adatasetNorth151,13,0,0,0
1679_fa2sd4adatasetNorth151_420_1616056009_1616056314_142_obstacle.txt,1679,fa2sd4adatasetNorth151,14,0,0,0
1679_fa2sd4adatasetNorth151_420_1616056009_1616056314_142_obstacle.txt,1679,fa2sd4adatasetNorth151,15,1,0,0
1679_fa2sd4adatasetNorth151_420_1616056009_1616056314_142_obstacle.txt,1679,fa2sd4adatasetNorth151,16,0,0,0
1679_fa2sd4adatasetNorth151_420_1616056009_1616056314_142_obstacle.txt,1679,fa2sd4adatasetNorth151,17,0,0,0
1679_fa2sd4adatasetNorth151_420_1616056009_1616056314_142_obstacle.txt,1679,fa2sd4adatasetNorth151,18,1,0,0
1679_fa2sd4adatasetNorth151_420_1616056623_1616056927_12_obstacle.txt,1679,fa2sd4adatasetNorth151,1,0,0,1
1679_fa2sd4adatasetNorth151_420_1616056623_1616056927_12_obstacle.txt,1679,fa2sd4adatasetNorth151,2,0,0,1
1679_fa2sd4adatasetNorth151_420_1616056623_1616056927_12_obstacle.txt,1679,fa2sd4adatasetNorth151,3,0,0,0
1679_fa2sd4adatasetNorth151_420_1616056623_1616056927_12_obstacle.txt,1679,fa2sd4adatasetNorth151,4,0,0,1
1679_fa2sd4adatasetNorth151_420_1616056623_1616056927_12_obstacle.txt,1679,fa2sd4adatasetNorth151,5,0,0,0
1679_fa2sd4adatasetNorth151_420_1616056623_1616056927_12_obstacle.txt,1679,fa2sd4adatasetNorth151,6,0,0,1
1679_fa2sd4adatasetNorth151_420_1616056623_1616056927_12_obstacle.txt,1679,fa2sd4adatasetNorth151,7,0,0,1
1679_fa2sd4adatasetNorth151_420_1616056623_1616056927_12_obstacle.txt,1679,fa2sd4adatasetNorth151,8,0,0,0
1679_fa2sd4adatasetNorth151_420_1616056623_1616056927_12_obstacle.txt,1679,fa2sd4adatasetNorth151,9,0,0,0
1679_fa2sd4adatasetNorth151_420_1616056623_1616056927_12_obstacle.txt,1679,fa2sd4adatasetNorth151,10,0,0,0
1679_fa2sd4adatasetNorth151_420_1616056623_1616056927_12_obstacle.txt,1679,fa2sd4adatasetNorth151,11,0,0,0
1679_fa2sd4adatasetNorth151_420_1616056623_1616056927_83_obstacle.txt,1679,fa2sd4adatasetNorth151,1,0,0,0
1679_fa2sd4adatasetNorth151_420_1616056623_1616056927_83_obstacle.txt,1679,fa2sd4adatasetNorth151,2,0,0,1
1679_fa2sd4adatasetNorth151_420_1616056623_1616056927_83_obstacle.txt,1679,fa2sd4adatasetNorth151,3,0,0,0
1679_fa2sd4adatasetNorth151_420_1616056623_1616056927_83_obstacle.txt,1679,fa2sd4adatasetNorth151,4,0,0,0
1679_fa2sd4adatasetNorth151_420_1616056623_1616056927_83_obstacle.txt,1679,fa2sd4adatasetNorth151,5,0,0,0
1679_fa2sd4adatasetNorth151_420_1616056623_1616056927_83_obstacle.txt,1679,fa2sd4adatasetNorth151,6,0,0,0
1679_fa2sd4adatasetNorth151_420_1616056623_1616056927_83_obstacle.txt,1679,fa2sd4adatasetNorth151,7,0,0,1
1679_fa2sd4adatasetNorth151_420_1616056623_1616056927_83_obstacle.txt,1679,fa2sd4adatasetNorth151,8,0,0,0
1679_fa2sd4adatasetNorth151_420_1616056928_1616057233_123_obstacle.txt,1679,fa2sd4adatasetNorth151,1,0,0,0
1679_fa2sd4adatasetNorth151_420_1616056928_1616057233_123_obstacle.txt,1679,fa2sd4adatasetNorth151,2,0,0,0
1679_fa2sd4adatasetNorth151_420_1616056928_1616057233_123_obstacle.txt,1679,fa2sd4adatasetNorth151,3,0,0,0
1679_fa2sd4adatasetNorth151_420_1616056928_1616057233_123_obstacle.txt,1679,fa2sd4adatasetNorth151,4,0,0,0
1679_fa2sd4adatasetNorth151_420_1616056928_1616057233_123_obstacle.txt,1679,fa2sd4adatasetNorth151,5,0,1,0
1679_fa2sd4adatasetNorth151_420_1616056928_1616057233_123_obstacle.txt,1679,fa2sd4adatasetNorth151,6,0,1,0
1679_fa2sd4adatasetNorth151_420_1616056928_1616057233_123_obstacle.txt,1679,fa2sd4adatasetNorth151,7,0,1,0
1679_fa2sd4adatasetNorth151_420_1616056928_1616057233_123_obstacle.txt,1679,fa2sd4adatasetNorth151,8,0,0,0
1679_fa2sd4adatasetNorth151_420_1616056928_1616057233_123_obstacle.txt,1679,fa2sd4adatasetNorth151,9,0,0,0
1679_fa2sd4adatasetNorth151_420_1616056928_1616057233_123_obstacle.txt,1679,fa2sd4adatasetNorth151,10,0,0,0
1679_fa2sd4adatasetNorth151_420_1616056928_1616057233_123_obstacle.txt,1679,fa2sd4adatasetNorth151,11,0,0,0
1679_fa2sd4adatasetNorth151_420_1616056928_1616057233_123_obstacle.txt,1679,fa2sd4adatasetNorth151,12,0,0,0
1679_fa2sd4adatasetNorth151_420_1616056928_1616057233_123_obstacle.txt,1679,fa2sd4adatasetNorth151,13,0,0,0
1679_fa2sd4adatasetNorth151_420_1616056928_1616057233_123_obstacle.txt,1679,fa2sd4adatasetNorth151,14,0,0,0
1679_fa2sd4adatasetNorth151_420_1616056928_1616057233_123_obstacle.txt,1679,fa2sd4adatasetNorth151,15,0,1,0
1679_fa2sd4adatasetNorth151_420_1616056928_1616057233_123_obstacle.txt,1679,fa2sd4adatasetNorth151,16,0,0,0
1679_fa2sd4adatasetNorth151_420_1616056928_1616057233_123_obstacle.txt,1679,fa2sd4adatasetNorth151,17,0,0,0
1679_fa2sd4adatasetNorth151_420_1616056928_1616057233_123_obstacle.txt,1679,fa2sd4adatasetNorth151,18,0,0,0
1679_fa2sd4adatasetNorth151_420_1616056928_1616057233_123_obstacle.txt,1679,fa2sd4adatasetNorth151,19,0,0,0
1679_fa2sd4adatasetNorth151_420_1616056928_1616057233_123_obstacle.txt,1679,fa2sd4adatasetNorth151,20,0,1,0
1679_fa2sd4adatasetNorth151_420_1616056928_1616057233_123_obstacle.txt,1679,fa2sd4adatasetNorth151,21,0,1,0
1679_fa2sd4adatasetNorth151_420_1616056928_1616057233_123_obstacle.txt,1679,fa2sd4adatasetNorth151,22,0,1,0
1679_fa2sd4adatasetNorth151_420_1616056928_1616057233_123_obstacle.txt,1679,fa2sd4adatasetNorth151,23,0,0,0
1679_fa2sd4adatasetNorth151_420_1616056928_1616057233_123_obstacle.txt,1679,fa2sd4adatasetNorth151,24,0,0,0
1679_fa2sd4adatasetNorth151_420_1616056928_1616057233_216_obstacle.txt,1679,fa2sd4adatasetNorth151,1,0,0,0
1679_fa2sd4adatasetNorth151_420_1616056928_1616057233_216_obstacle.txt,1679,fa2sd4adatasetNorth151,2,1,0,0
1679_fa2sd4adatasetNorth151_420_1616056928_1616057233_216_obstacle.txt,1679,fa2sd4adatasetNorth151,3,1,0,0
1679_fa2sd4adatasetNorth151_420_1616056928_1616057233_216_obstacle.txt,1679,fa2sd4adatasetNorth151,4,0,0,0
1679_fa2sd4adatasetNorth151_420_1616056928_1616057233_216_obstacle.txt,1679,fa2sd4adatasetNorth151,5,0,0,0
1679_fa2sd4adatasetNorth151_420_1616056928_1616057233_216_obstacle.txt,1679,fa2sd4adatasetNorth151,6,1,0,0
1679_fa2sd4adatasetNorth151_420_1616056928_1616057233_216_obstacle.txt,1679,fa2sd4adatasetNorth151,7,0,0,0
1679_fa2sd4adatasetNorth151_420_1616056928_1616057233_216_obstacle.txt,1679,fa2sd4adatasetNorth151,8,0,0,0
1679_fa2sd4adatasetNorth151_420_1616056928_1616057233_26_obstacle.txt,1679,fa2sd4adatasetNorth151,1,0,1,0
1679_fa2sd4adatasetNorth151_420_1616056928_1616057233_26_obstacle.txt,1679,fa2sd4adatasetNorth151,2,0,1,0
1679_fa2sd4adatasetNorth151_420_1616056928_1616057233_26_obstacle.txt,1679,fa2sd4adatasetNorth151,3,0,0,0
1679_fa2sd4adatasetNorth151_420_1616056928_1616057233_26_obstacle.txt,1679,fa2sd4adatasetNorth151,4,0,0,0
1679_fa2sd4adatasetNorth151_420_1616056928_1616057233_26_obstacle.txt,1679,fa2sd4adatasetNorth151,5,0,0,0
1679_fa2sd4adatasetNorth151_420_1616056928_1616057233_26_obstacle.txt,1679,fa2sd4adatasetNorth151,6,0,0,0
1679_fa2sd4adatasetNorth151_420_1616056928_1616057233_26_obstacle.txt,1679,fa2sd4adatasetNorth151,7,0,0,0
1679_fa2sd4adatasetNorth151_420_1616056928_1616057233_26_obstacle.txt,1679,fa2sd4adatasetNorth151,8,0,0,0
1679_fa2sd4adatasetNorth151_420_1616056928_1616057233_26_obstacle.txt,1679,fa2sd4adatasetNorth151,9,0,0,0
1679_fa2sd4adatasetNorth151_420_1616056928_1616057233_26_obstacle.txt,1679,fa2sd4adatasetNorth151,10,0,1,0
1679_fa2sd4adatasetNorth151_420_1616056928_1616057233_26_obstacle.txt,1679,fa2sd4adatasetNorth151,11,0,0,0
1679_fa2sd4adatasetNorth151_420_1616056928_1616057233_26_obstacle.txt,1679,fa2sd4adatasetNorth151,12,0,0,0
1679_fa2sd4adatasetNorth151_420_1616056928_1616057233_26_obstacle.txt,1679,fa2sd4adatasetNorth151,13,0,0,0
1679_fa2sd4adatasetNorth151_420_1616056928_1616057233_26_obstacle.txt,1679,fa2sd4adatasetNorth151,14,0,0,0
1679_fa2sd4adatasetNorth151_420_1616056928_1616057233_26_obstacle.txt,1679,fa2sd4adatasetNorth151,15,0,1,0
1679_fa2sd4adatasetNorth151_420_1616056928_1616057233_26_obstacle.txt,1679,fa2sd4adatasetNorth151,16,0,1,0
1679_fa2sd4adatasetNorth151_420_1616056928_1616057233_26_obstacle.txt,1679,fa2sd4adatasetNorth151,17,0,0,0
1679_fa2sd4adatasetNorth151_420_1616056928_1616057233_26_obstacle.txt,1679,fa2sd4adatasetNorth151,18,0,1,0
1679_fa2sd4adatasetNorth151_420_1616056928_1616057233_26_obstacle.txt,1679,fa2sd4adatasetNorth151,19,0,0,0
1679_fa2sd4adatasetNorth151_420_1616056928_1616057233_26_obstacle.txt,1679,fa2sd4adatasetNorth151,20,0,1,0
1679_fa2sd4adatasetNorth151_420_1616056928_1616057233_26_obstacle.txt,1679,fa2sd4adatasetNorth151,21,0,0,0
1679_fa2sd4adatasetNorth151_420_1616056928_1616057233_26_obstacle.txt,1679,fa2sd4adatasetNorth151,22,0,1,0
1679_fa2sd4adatasetNorth151_420_1616056928_1616057233_26_obstacle.txt,1679,fa2sd4adatasetNorth151,23,0,0,0
1679_fa2sd4adatasetNorth151_420_1616056928_1616057233_26_obstacle.txt,1679,fa2sd4adatasetNorth151,24,0,0,0
1679_fa2sd4adatasetNorth151_420_1616057234_1616057538_270_obstacle.txt,1679,fa2sd4adatasetNorth151,1,0,0,1
1679_fa2sd4adatasetNorth151_420_1616057234_1616057538_270_obstacle.txt,1679,fa2sd4adatasetNorth151,2,0,0,0
1679_fa2sd4adatasetNorth151_420_1616057234_1616057538_270_obstacle.txt,1679,fa2sd4adatasetNorth151,3,0,0,0
1679_fa2sd4adatasetNorth151_420_1616057234_1616057538_270_obstacle.txt,1679,fa2sd4adatasetNorth151,4,0,0,0
1679_fa2sd4adatasetNorth151_420_1616057234_1616057538_270_obstacle.txt,1679,fa2sd4adatasetNorth151,5,0,0,1
1679_fa2sd4adatasetNorth151_420_1616057234_1616057538_270_obstacle.txt,1679,fa2sd4adatasetNorth151,6,0,0,0
1784_fa2sd4adatasetWest152_420_1621242987_1621243138_170_obstacle.txt,1784,fa2sd4adatasetWest152,1,0,0,0
1784_fa2sd4adatasetWest152_420_1621242987_1621243138_170_obstacle.txt,1784,fa2sd4adatasetWest152,2,0,1,0
1784_fa2sd4adatasetWest152_420_1621242987_1621243138_170_obstacle.txt,1784,fa2sd4adatasetWest152,3,0,0,0
1784_fa2sd4adatasetWest152_420_1621242987_1621243138_170_obstacle.txt,1784,fa2sd4adatasetWest152,4,0,0,0
1784_fa2sd4adatasetWest152_420_1621242987_1621243138_170_obstacle.txt,1784,fa2sd4adatasetWest152,5,0,0,0
1784_fa2sd4adatasetWest152_420_1621242987_1621243138_170_obstacle.txt,1784,fa2sd4adatasetWest152,6,0,1,0
1784_fa2sd4adatasetWest152_420_1621242987_1621243138_170_obstacle.txt,1784,fa2sd4adatasetWest152,7,0,0,0
1784_fa2sd4adatasetWest152_420_1621242987_1621243138_170_obstacle.txt,1784,fa2sd4adatasetWest152,8,0,1,0
1784_fa2sd4adatasetWest152_420_1621242987_1621243138_170_obstacle.txt,1784,fa2sd4adatasetWest152,9,0,0,0
1784_fa2sd4adatasetWest152_420_1621242987_1621243138_170_obstacle.txt,1784,fa2sd4adatasetWest152,10,0,0,0
1784_fa2sd4adatasetWest152_420_1621242987_1621243138_170_obstacle.txt,1784,fa2sd4adatasetWest152,11,0,0,0
1784_fa2sd4adatasetWest152_420_1621242987_1621243138_170_obstacle.txt,1784,fa2sd4adatasetWest152,12,0,0,0
1784_fa2sd4adatasetWest152_420_1621242987_1621243138_170_obstacle.txt,1784,fa2sd4adatasetWest152,13,0,1,0
1784_fa2sd4adatasetWest152_420_1621242987_1621243138_170_obstacle.txt,1784,fa2sd4adatasetWest152,14,0,0,0
1784_fa2sd4adatasetWest152_420_1621242987_1621243138_170_obstacle.txt,1784,fa2sd4adatasetWest152,15,0,0,0
1784_fa2sd4adatasetWest152_420_1621242987_1621243138_170_obstacle.txt,1784,fa2sd4adatasetWest152,16,0,0,0
1784_fa2sd4adatasetWest152_420_1621242987_1621243138_170_obstacle.txt,1784,fa2sd4adatasetWest152,17,0,0,0
1784_fa2sd4adatasetWest152_420_1621242987_1621243138_170_obstacle.txt,1784,fa2sd4adatasetWest152,18,0,0,0
1784_fa2sd4adatasetWest152_420_1621242987_1621243138_170_obstacle.txt,1784,fa2sd4adatasetWest152,19,0,0,0
1784_fa2sd4adatasetWest152_420_1621242987_1621243138_270_obstacle.txt,1784,fa2sd4adatasetWest152,1,0,0,0
1784_fa2sd4adatasetWest152_420_1621242987_1621243138_270_obstacle.txt,1784,fa2sd4adatasetWest152,2,0,0,0
1784_fa2sd4adatasetWest152_420_1621242987_1621243138_270_obstacle.txt,1784,fa2sd4adatasetWest152,3,0,0,1
1784_fa2sd4adatasetWest152_420_1621242987_1621243138_270_obstacle.txt,1784,fa2sd4adatasetWest152,4,0,0,0
1784_fa2sd4adatasetWest152_420_1621242987_1621243138_270_obstacle.txt,1784,fa2sd4adatasetWest152,5,0,0,0
1784_fa2sd4adatasetWest152_420_1621242987_1621243138_270_obstacle.txt,1784,fa2sd4adatasetWest152,6,0,0,0
1784_fa2sd4adatasetWest152_420_1621242987_1621243138_270_obstacle.txt,1784,fa2sd4adatasetWest152,7,0,0,0
1784_fa2sd4adatasetWest152_420_1621242987_1621243138_270_obstacle.txt,1784,fa2sd4adatasetWest152,8,0,0,0
1784_fa2sd4adatasetWest152_420_1621242987_1621243138_270_obstacle.txt,1784,fa2sd4adatasetWest152,9,0,0,1
1784_fa2sd4adatasetWest152_420_1621242987_1621243138_270_obstacle.txt,1784,fa2sd4adatasetWest152,10,0,0,0
1784_fa2sd4adatasetWest152_420_1621242987_1621243138_270_obstacle.txt,1784,fa2sd4adatasetWest152,11,0,0,0
1784_fa2sd4adatasetWest152_420_1621242987_1621243138_270_obstacle.txt,1784,fa2sd4adatasetWest152,12,0,0,1
1784_fa2sd4adatasetWest152_420_1621242987_1621243138_270_obstacle.txt,1784,fa2sd4adatasetWest152,13,0,0,0
1784_fa2sd4adatasetWest152_420_1621243139_1621243290_208_obstacle.txt,1784,fa2sd4adatasetWest152,1,1,0,0
1784_fa2sd4adatasetWest152_420_1621243139_1621243290_208_obstacle.txt,1784,fa2sd4adatasetWest152,2,0,0,0
1784_fa2sd4adatasetWest152_420_1621243139_1621243290_208_obstacle.txt,1784,fa2sd4adatasetWest152,3,0,0,0
1784_fa2sd4adatasetWest152_420_1621243139_1621243290_208_obstacle.txt,1784,fa2sd4adatasetWest152,4,1,0,0
1784_fa2sd4adatasetWest152_420_1621243139_1621243290_208_obstacle.txt,1784,fa2sd4adatasetWest152,5,1,0,0
1784_fa2sd4adatasetWest152_420_1621243139_1621243290_208_obstacle.txt,1784,fa2sd4adatasetWest152,6,1,0,0
1784_fa2sd4adatasetWest152_420_1621243139_1621243290_208_obstacle.txt,1784,fa2sd4adatasetWest152,7,1,0,0
1784_fa2sd4adatasetWest152_420_1621243139_1621243290_208_obstacle.txt,1784,fa2sd4adatasetWest152,8,1,0,0
1784_fa2sd4adatasetWest152_420_1621243139_1621243290_208_obstacle.txt,1784,fa2sd4adatasetWest152,9,1,0,0
1784_fa2sd4adatasetWest152_420_1621243139_1621243290_208_obstacle.txt,1784,fa2sd4adatasetWest152,10,0,0,0
1784_fa2sd4adatasetWest152_420_1621243139_1621243290_208_obstacle.txt,1784,fa2sd4adatasetWest152,11,0,0,0
1784_fa2sd4adatasetWest152_420_1621243139_1621243290_208_obstacle.txt,1784,fa2sd4adatasetWest152,12,1,0,0
1784_fa2sd4adatasetWest152_420_1621243139_1621243290_208_obstacle.txt,1784,fa2sd4adatasetWest152,13,0,0,0
1784_fa2sd4adatasetWest152_420_1621243139_1621243290_208_obstacle.txt,1784,fa2sd4adatasetWest152,14,0,0,0
1784_fa2sd4adatasetWest152_420_1621243139_1621243290_208_obstacle.txt,1784,fa2sd4adatasetWest152,15,0,0,0
1784_fa2sd4adatasetWest152_420_1621243139_1621243290_208_obstacle.txt,1784,fa2sd4adatasetWest152,16,1,0,0
1784_fa2sd4adatasetWest152_420_1621243139_1621243290_208_obstacle.txt,1784,fa2sd4adatasetWest152,17,0,0,0
1784_fa2sd4adatasetWest152_420_1621243139_1621243290_208_obstacle.txt,1784,fa2sd4adatasetWest152,18,0,0,0
1784_fa2sd4adatasetWest152_420_1621243139_1621243290_208_obstacle.txt,1784,fa2sd4adatasetWest152,19,0,0,0
1784_fa2sd4adatasetWest152_420_1621243139_1621243290_208_obstacle.txt,1784,fa2sd4adatasetWest152,20,0,0,0
1784_fa2sd4adatasetWest152_420_1621243139_1621243290_208_obstacle.txt,1784,fa2sd4adatasetWest152,21,0,0,0
1784_fa2sd4adatasetWest152_420_1621243139_1621243290_208_obstacle.txt,1784,fa2sd4adatasetWest152,22,0,0,0
1784_fa2sd4adatasetWest152_420_1621243139_1621243290_208_obstacle.txt,1784,fa2sd4adatasetWest152,23,0,0,0
1784_fa2sd4adatasetWest152_420_1621243139_1621243290_208_obstacle.txt,1784,fa2sd4adatasetWest152,24,1,0,0
1784_fa2sd4adatasetWest152_420_1621243139_1621243290_209_obstacle.txt,1784,fa2sd4adatasetWest152,1,0,0,0
1784_fa2sd4adatasetWest152_420_1621243139_1621243290_209_obstacle.txt,1784,fa2sd4adatasetWest152,2,0,0,0
1784_fa2sd4adatasetWest152_420_1621243139_1621243290_209_obstacle.txt,1784,fa2sd4adatasetWest152,3,0,0,0
1784_fa2sd4adatasetWest152_420_1621243139_1621243290_209_obstacle.txt,1784,fa2sd4adatasetWest152,4,1,0,0
1784_fa2sd4adatasetWest152_420_1621243139_1621243290_209_obstacle.txt,1784,fa2sd4adatasetWest152,5,0,0,0
1784_fa2sd4adatasetWest152_420_1621243139_1621243290_209_obstacle.txt,1784,fa2sd4adatasetWest152,6,1,0,0
1784_fa2sd4adatasetWest152_420_1621243139_1621243290_209_obstacle.txt,1784,fa2sd4adatasetWest152,7,1,0,0
1784_fa2sd4adatasetWest152_420_1621243139_1621243290_209_obstacle.txt,1784,fa2sd4adatasetWest152,8,0,0,0
1784_fa2sd4adatasetWest152_420_1621243139_1621243290_209_obstacle.txt,1784,fa2sd4adatasetWest152,9,0,0,0
1784_fa2sd4adatasetWest152_420_1621243139_1621243290_209_obstacle.txt,1784,fa2sd4adatasetWest152,10,0,0,0
1784_fa2sd4adatasetWest152_420_1621243139_1621243290_209_obstacle.txt,1784,fa2sd4adatasetWest152,11,0,0,0
1784_fa2sd4adatasetWest152_420_1621243139_1621243290_209_obstacle.txt,1784,fa2sd4adatasetWest152,12,1,0,0
1784_fa2sd4adatasetWest152_420_1621243139_1621243290_209_obstacle.txt,1784,fa2sd4adatasetWest152,13,0,0,0
1784_fa2sd4adatasetWest152_420_1621243139_1621243290_209_obstacle.txt,1784,fa2sd4adatasetWest152,14,1,0,0
1784_fa2sd4adatasetWest152_420_1621243139_1621243290_209_obstacle.txt,1784,fa2sd4adatasetWest152,15,1,0,0
1784_fa2sd4adatasetWest152_420_1621243139_1621243290_209_obstacle.txt,1784,fa2sd4adatasetWest152,16,1,0,0
1784_fa2sd4adatasetWest152_420_1621243139_1621243290_209_obstacle.txt,1784,fa2sd4adatasetWest152,17,0,0,0
1784_fa2sd4adatasetWest152_420_1621243139_1621243290_209_obstacle.txt,1784,fa2sd4adatasetWest152,18,1,0,0
1784_fa2sd4adatasetWest152_420_1621243139_1621243290_209_obstacle.txt,1784,fa2sd4adatasetWest152,19,1,0,0
1784_fa2sd4adatasetWest152_420_1621243139_1621243290_209_obstacle.txt,1784,fa2sd4adatasetWest152,20,0,0,0
1784_fa2sd4adatasetWest152_420_1621243139_1621243290_209_obstacle.txt,1784,fa2sd4adatasetWest152,21,0,0,0
1784_fa2sd4adatasetWest152_420_1621243139_1621243290_209_obstacle.txt,1784,fa2sd4adatasetWest152,22,1,0,0
1784_fa2sd4adatasetWest152_420_1621243139_1621243290_209_obstacle.txt,1784,fa2sd4adatasetWest152,23,0,0,0
1784_fa2sd4adatasetWest152_420_1621243139_1621243290_209_obstacle.txt,1784,fa2sd4adatasetWest152,24,0,0,0
1784_fa2sd4adatasetWest152_420_1621243291_1621243443_114_obstacle.txt,1784,fa2sd4adatasetWest152,1,1,0,0
1784_fa2sd4adatasetWest152_420_1621243291_1621243443_114_obstacle.txt,1784,fa2sd4adatasetWest152,2,0,0,0
1784_fa2sd4adatasetWest152_420_1621243291_1621243443_114_obstacle.txt,1784,fa2sd4adatasetWest152,3,1,0,0
1784_fa2sd4adatasetWest152_420_1621243291_1621243443_114_obstacle.txt,1784,fa2sd4adatasetWest152,4,0,0,0
1784_fa2sd4adatasetWest152_420_1621243291_1621243443_114_obstacle.txt,1784,fa2sd4adatasetWest152,5,1,0,0
1784_fa2sd4adatasetWest152_420_1621243291_1621243443_114_obstacle.txt,1784,fa2sd4adatasetWest152,6,1,0,0
1784_fa2sd4adatasetWest152_420_1621243291_1621243443_114_obstacle.txt,1784,fa2sd4adatasetWest152,7,1,0,0
1784_fa2sd4adatasetWest152_420_1621243291_1621243443_114_obstacle.txt,1784,fa2sd4adatasetWest152,8,0,0,0
1784_fa2sd4adatasetWest152_420_1621243291_1621243443_114_obstacle.txt,1784,fa2sd4adatasetWest152,9,0,0,0
1784_fa2sd4adatasetWest152_420_1621243291_1621243443_114_obstacle.txt,1784,fa2sd4adatasetWest152,10,1,0,0
1784_fa2sd4adatasetWest152_420_1621243291_1621243443_114_obstacle.txt,1784,fa2sd4adatasetWest152,11,0,0,0
1784_fa2sd4adatasetWest152_420_1621243291_1621243443_114_obstacle.txt,1784,fa2sd4adatasetWest152,12,0,0,0
1784_fa2sd4adatasetWest152_420_1621243291_1621243443_114_obstacle.txt,1784,fa2sd4adatasetWest152,13,0,0,0
1784_fa2sd4adatasetWest152_420_1621243291_1621243443_114_obstacle.txt,1784,fa2sd4adatasetWest152,14,1,0,0
1784_fa2sd4adatasetWest152_420_1621243291_1621243443_114_obstacle.txt,1784,fa2sd4adatasetWest152,15,0,0,0
1784_fa2sd4adatasetWest152_420_1621243291_1621243443_114_obstacle.txt,1784,fa2sd4adatasetWest152,16,0,0,0
1784_fa2sd4adatasetWest152_420_1621243291_1621243443_114_obstacle.txt,1784,fa2sd4adatasetWest152,17,1,0,0
1784_fa2sd4adatasetWest152_420_1621243291_1621243443_114_obstacle.txt,1784,fa2sd4adatasetWest152,18,0,0,0
1784_fa2sd4adatasetWest152_420_1621243291_1621243443_114_obstacle.txt,1784,fa2sd4adatasetWest152,19,0,0,0
1784_fa2sd4adatasetWest152_420_1621243291_1621243443_114_obstacle.txt,1784,fa2sd4adatasetWest152,20,1,0,0
1784_fa2sd4adatasetWest152_420_1621243291_1621243443_114_obstacle.txt,1784,fa2sd4adatasetWest152,21,0,0,0
1784_fa2sd4adatasetWest152_420_1621243291_1621243443_114_obstacle.txt,1784,fa2sd4adatasetWest152,22,0,0,0
1784_fa2sd4adatasetWest152_420_1621243291_1621243443_114_obstacle.txt,1784,fa2sd4adatasetWest152,23,0,0,0
1784_fa2sd4adatasetWest152_420_1621243291_1621243443_114_obstacle.txt,1784,fa2sd4adatasetWest152,24,0,0,0
1784_fa2sd4adatasetWest152_420_1621243291_1621243443_114_obstacle.txt,1784,fa2sd4adatasetWest152,25,0,0,0
1784_fa2sd4adatasetWest152_420_1621243291_1621243443_68_obstacle.txt,1784,fa2sd4adatasetWest152,1,0,0,1
1784_fa2sd4adatasetWest152_420_1621243291_1621243443_68_obstacle.txt,1784,fa2sd4adatasetWest152,2,0,0,1
1784_fa2sd4adatasetWest152_420_1621243291_1621243443_68_obstacle.txt,1784,fa2sd4adatasetWest152,3,0,0,0
1784_fa2sd4adatasetWest152_420_1621243291_1621243443_68_obstacle.txt,1784,fa2sd4adatasetWest152,4,0,0,0
1784_fa2sd4adatasetWest152_420_1621243291_1621243443_68_obstacle.txt,1784,fa2sd4adatasetWest152,5,0,0,1
1784_fa2sd4adatasetWest152_420_1621243291_1621243443_68_obstacle.txt,1784,fa2sd4adatasetWest152,6,0,0,0
1784_fa2sd4adatasetWest152_420_1621243291_1621243443_68_obstacle.txt,1784,fa2sd4adatasetWest152,7,0,0,0
1784_fa2sd4adatasetWest152_420_1621243291_1621243443_68_obstacle.txt,1784,fa2sd4adatasetWest152,8,0,0,0
1784_fa2sd4adatasetWest152_420_1621243291_1621243443_68_obstacle.txt,1784,fa2sd4adatasetWest152,9,0,0,1
1784_fa2sd4adatasetWest152_420_1621243291_1621243443_68_obstacle.txt,1784,fa2sd4adatasetWest152,10,0,0,0
1784_fa2sd4adatasetWest152_420_1621243291_1621243443_68_obstacle.txt,1784,fa2sd4adatasetWest152,11,0,0,0
1784_fa2sd4adatasetWest152_420_1621243291_1621243443_68_obstacle.txt,1784,fa2sd4adatasetWest152,12,0,0,0
1784_fa2sd4adatasetWest152_420_1621243291_1621243443_68_obstacle.txt,1784,fa2sd4adatasetWest152,13,0,0,0
1784_fa2sd4adatasetWest152_420_1621243291_1621243443_68_obstacle.txt,1784,fa2sd4adatasetWest152,14,0,0,0
1784_fa2sd4adatasetWest152_420_1621243291_1621243443_68_obstacle.txt,1784,fa2sd4adatasetWest152,15,0,0,0
1784_fa2sd4adatasetWest152_420_1621243291_1621243443_68_obstacle.txt,1784,fa2sd4adatasetWest152,16,0,0,0
1784_fa2sd4adatasetWest152_420_1621243291_1621243443_68_obstacle.txt,1784,fa2sd4adatasetWest152,17,0,0,0
1784_fa2sd4adatasetWest152_420_1621243291_1621243443_68_obstacle.txt,1784,fa2sd4adatasetWest152,18,0,0,0
1784_fa2sd4adatasetWest152_420_1621243291_1621243443_68_obstacle.txt,1784,fa2sd4adatasetWest152,19,0,0,0
1784_fa2sd4adatasetWest152_420_1621243291_1621243443_68_obstacle.txt,1784,fa2sd4adatasetWest152,20,0,0,0
1784_fa2sd4adatasetWest152_420_1621243291_1621243443_68_obstacle.txt,1784,fa2sd4adatasetWest152,21,0,0,0
1784_fa2sd4adatasetWest152_420_1621243291_1621243443_68_obstacle.txt,1784,fa2sd4adatasetWest152,22,0,0,1
1784_fa2sd4adatasetWest152_420_1621243291_1621243443_68_obstacle.txt,1784,fa2sd4adatasetWest152,23,0,0,0
1784_fa2sd4adatasetWest152_420_1621243291_1621243443_68_obstacle.txt,1784,fa2sd4adatasetWest152,24,0,0,0
1784_fa2sd4adatasetWest152_420_1621243291_1621243443_68_obstacle.txt,1784,fa2sd4adatasetWest152,25,0,0,1
1784_fa2sd4adatasetWest152_420_1621243291_1621243443_68_obstacle.txt,1784,fa2sd4adatasetWest152,26,0,0,0
1784_fa2sd4adatasetWest152_420_1621243444_1621243597_208_obstacle.txt,1784,fa2sd4adatasetWest152,1,0,0,1
1784_fa2sd4adatasetWest152_420_1621243444_1621243597_208_obstacle.txt,1784,fa2sd4adatasetWest152,2,0,0,0
1784_fa2sd4adatasetWest152_420_1621243444_1621243597_208_obstacle.txt,1784,fa2sd4adatasetWest152,3,0,0,1
1784_fa2sd4adatasetWest152_420_1621243444_1621243597_208_obstacle.txt,1784,fa2sd4adatasetWest152,4,0,0,0
1784_fa2sd4adatasetWest152_420_1621243444_1621243597_208_obstacle.txt,1784,fa2sd4adatasetWest152,5,0,0,1
1784_fa2sd4adatasetWest152_420_1621243444_1621243597_208_obstacle.txt,1784,fa2sd4adatasetWest152,6,0,0,0
1784_fa2sd4adatasetWest152_420_1621243444_1621243597_208_obstacle.txt,1784,fa2sd4adatasetWest152,7,0,0,0
1784_fa2sd4adatasetWest152_420_1621243444_1621243597_208_obstacle.txt,1784,fa2sd4adatasetWest152,8,0,0,0
1784_fa2sd4adatasetWest152_420_1621243444_1621243597_208_obstacle.txt,1784,fa2sd4adatasetWest152,9,0,0,1
1784_fa2sd4adatasetWest152_420_1621243444_1621243597_208_obstacle.txt,1784,fa2sd4adatasetWest152,10,0,0,0
1784_fa2sd4adatasetWest152_420_1621243444_1621243597_208_obstacle.txt,1784,fa2sd4adatasetWest152,11,0,0,0
1784_fa2sd4adatasetWest152_420_1621243444_1621243597_208_obstacle.txt,1784,fa2sd4adatasetWest152,12,0,0,0
1784_fa2sd4adatasetWest152_420_1621243444_1621243597_208_obstacle.txt,1784,fa2sd4adatasetWest152,13,0,0,1
1784_fa2sd4adatasetWest152_420_1621243444_1621243597_208_obstacle.txt,1784,fa2sd4adatasetWest152,14,0,0,0
1784_fa2sd4adatasetWest152_420_1621243598_1621243749_119_obstacle.txt,1784,fa2sd4adatasetWest152,1,1,0,0
1784_fa2sd4adatasetWest152_420_1621243598_1621243749_119_obstacle.txt,1784,fa2sd4adatasetWest152,2,1,0,0
1784_fa2sd4adatasetWest152_420_1621243598_1621243749_119_obstacle.txt,1784,fa2sd4adatasetWest152,3,1,0,0
1784_fa2sd4adatasetWest152_420_1621243598_1621243749_119_obstacle.txt,1784,fa2sd4adatasetWest152,4,0,0,0
1784_fa2sd4adatasetWest152_420_1621243598_1621243749_119_obstacle.txt,1784,fa2sd4adatasetWest152,5,0,0,0
1784_fa2sd4adatasetWest152_420_1621243598_1621243749_119_obstacle.txt,1784,fa2sd4adatasetWest152,6,1,0,0
1784_fa2sd4adatasetWest152_420_1621243598_1621243749_119_obstacle.txt,1784,fa2sd4adatasetWest152,7,0,0,0
1784_fa2sd4adatasetWest152_420_1621243598_1621243749_119_obstacle.txt,1784,fa2sd4adatasetWest152,8,1,0,0
1784_fa2sd4adatasetWest152_420_1621243598_1621243749_119_obstacle.txt,1784,fa2sd4adatasetWest152,9,0,0,0
1784_fa2sd4adatasetWest152_420_1621243598_1621243749_119_obstacle.txt,1784,fa2sd4adatasetWest152,10,0,0,0
1784_fa2sd4adatasetWest152_420_1621243598_1621243749_119_obstacle.txt,1784,fa2sd4adatasetWest152,11,0,0,0
1784_fa2sd4adatasetWest152_420_1621243598_1621243749_119_obstacle.txt,1784,fa2sd4adatasetWest152,12,1,0,0
1784_fa2sd4adatasetWest152_420_1621243598_1621243749_119_obstacle.txt,1784,fa2sd4adatasetWest152,13,0,0,0
1784_fa2sd4adatasetWest152_420_1621243598_1621243749_119_obstacle.txt,1784,fa2sd4adatasetWest152,14,0,0,0
1784_fa2sd4adatasetWest152_420_1621243598_1621243749_119_obstacle.txt,1784,fa2sd4adatasetWest152,15,0,0,0
1784_fa2sd4adatasetWest152_420_1621243598_1621243749_119_obstacle.txt,1784,fa2sd4adatasetWest152,16,0,0,0
1784_fa2sd4adatasetWest152_420_1621243598_1621243749_119_obstacle.txt,1784,fa2sd4adatasetWest152,17,1,0,0
1784_fa2sd4adatasetWest152_420_1621243598_1621243749_119_obstacle.txt,1784,fa2sd4adatasetWest152,18,0,0,0
1784_fa2sd4adatasetWest152_420_1621243598_1621243749_94_obstacle.txt,1784,fa2sd4adatasetWest152,1,0,0,0
1784_fa2sd4adatasetWest152_420_1621243598_1621243749_94_obstacle.txt,1784,fa2sd4adatasetWest152,2,0,1,0
1784_fa2sd4adatasetWest152_420_1621243598_1621243749_94_obstacle.txt,1784,fa2sd4adatasetWest152,3,0,0,0
1784_fa2sd4adatasetWest152_420_1621243598_1621243749_94_obstacle.txt,1784,fa2sd4adatasetWest152,4,0,1,0
1784_fa2sd4adatasetWest152_420_1621243598_1621243749_94_obstacle.txt,1784,fa2sd4adatasetWest152,5,0,0,0
1784_fa2sd4adatasetWest152_420_1621243598_1621243749_94_obstacle.txt,1784,fa2sd4adatasetWest152,6,0,0,0
1784_fa2sd4adatasetWest152_420_1621243598_1621243749_94_obstacle.txt,1784,fa2sd4adatasetWest152,7,0,0,0
1784_fa2sd4adatasetWest152_420_1621243598_1621243749_94_obstacle.txt,1784,fa2sd4adatasetWest152,8,0,1,0
1784_fa2sd4adatasetWest152_420_1621243598_1621243749_94_obstacle.txt,1784,fa2sd4adatasetWest152,9,0,0,0
1784_fa2sd4adatasetWest152_420_1621243598_1621243749_94_obstacle.txt,1784,fa2sd4adatasetWest152,10,0,0,0
1784_fa2sd4adatasetWest152_420_1621243598_1621243749_94_obstacle.txt,1784,fa2sd4adatasetWest152,11,0,0,0
1784_fa2sd4adatasetWest152_420_1621243598_1621243749_94_obstacle.txt,1784,fa2sd4adatasetWest152,12,0,0,0
1784_fa2sd4adatasetWest152_420_1621243598_1621243749_94_obstacle.txt,1784,fa2sd4adatasetWest152,13,0,0,0
1784_fa2sd4adatasetWest152_420_1621243598_1621243749_94_obstacle.txt,1784,fa2sd4adatasetWest152,14,0,0,0
1784_fa2sd4adatasetWest152_420_1621243598_1621243749_94_obstacle.txt,1784,fa2sd4adatasetWest152,15,0,0,0
1784_fa2sd4adatasetWest152_420_1621243598_1621243749_94_obstacle.txt,1784,fa2sd4adatasetWest152,16,0,1,0
1784_fa2sd4adatasetWest152_420_1621243598_1621243749_94_obstacle.txt,1784,fa2sd4adatasetWest152,17,0,0,0
1784_fa2sd4adatasetWest152_420_1621243598_1621243749_94_obstacle.txt,1784,fa2sd4adatasetWest152,18,0,0,0
1784_fa2sd4adatasetWest152_420_1621243598_1621243749_94_obstacle.txt,1784,fa2sd4adatasetWest152,19,0,0,0
1784_fa2sd4adatasetWest152_420_1621244053_1621244206_261_obstacle.txt,1784,fa2sd4adatasetWest152,1,0,1,0
1784_fa2sd4adatasetWest152_420_1621244053_1621244206_261_obstacle.txt,1784,fa2sd4adatasetWest152,2,0,1,0
1784_fa2sd4adatasetWest152_420_1621244053_1621244206_261_obstacle.txt,1784,fa2sd4adatasetWest152,3,0,0,0
1784_fa2sd4adatasetWest152_420_1621244053_1621244206_261_obstacle.txt,1784,fa2sd4adatasetWest152,4,0,0,0
1784_fa2sd4adatasetWest152_420_1621244053_1621244206_261_obstacle.txt,1784,fa2sd4adatasetWest152,5,0,0,0
1784_fa2sd4adatasetWest152_420_1621244053_1621244206_261_obstacle.txt,1784,fa2sd4adatasetWest152,6,0,0,0
1784_fa2sd4adatasetWest152_420_1621244053_1621244206_261_obstacle.txt,1784,fa2sd4adatasetWest152,7,0,0,0
1784_fa2sd4adatasetWest152_420_1621244053_1621244206_261_obstacle.txt,1784,fa2sd4adatasetWest152,8,0,0,0
1784_fa2sd4adatasetWest152_420_1621244053_1621244206_261_obstacle.txt,1784,fa2sd4adatasetWest152,9,0,1,0
1784_fa2sd4adatasetWest152_420_1621244053_1621244206_261_obstacle.txt,1784,fa2sd4adatasetWest152,10,0,0,0
1784_fa2sd4adatasetWest152_420_1621244053_1621244206_261_obstacle.txt,1784,fa2sd4adatasetWest152,11,0,0,0
1784_fa2sd4adatasetWest152_420_1621244053_1621244206_261_obstacle.txt,1784,fa2sd4adatasetWest152,12,0,0,0
1784_fa2sd4adatasetWest152_420_1621244053_1621244206_261_obstacle.txt,1784,fa2sd4adatasetWest152,13,0,0,0
1784_fa2sd4adatasetWest152_420_1621244053_1621244206_261_obstacle.txt,1784,fa2sd4adatasetWest152,14,0,0,0
1784_fa2sd4adatasetWest152_420_1621244053_1621244206_261_obstacle.txt,1784,fa2sd4adatasetWest152,15,0,0,0
1784_fa2sd4adatasetWest152_420_1621244053_1621244206_261_obstacle.txt,1784,fa2sd4adatasetWest152,16,0,1,0
1784_fa2sd4adatasetWest152_420_1621244359_1621244510_100_obstacle.txt,1784,fa2sd4adatasetWest152,1,0,0,0
1784_fa2sd4adatasetWest152_420_1621244359_1621244510_100_obstacle.txt,1784,fa2sd4adatasetWest152,2,0,0,0
1784_fa2sd4adatasetWest152_420_1621244359_1621244510_100_obstacle.txt,1784,fa2sd4adatasetWest152,3,0,0,0
1784_fa2sd4adatasetWest152_420_1621244359_1621244510_100_obstacle.txt,1784,fa2sd4adatasetWest152,4,0,0,0
1784_fa2sd4adatasetWest152_420_1621244359_1621244510_100_obstacle.txt,1784,fa2sd4adatasetWest152,5,0,0,0
1784_fa2sd4adatasetWest152_420_1621244359_1621244510_100_obstacle.txt,1784,fa2sd4adatasetWest152,6,0,0,0
1784_fa2sd4adatasetWest152_420_1621244359_1621244510_100_obstacle.txt,1784,fa2sd4adatasetWest152,7,0,0,0
1784_fa2sd4adatasetWest152_420_1621244359_1621244510_100_obstacle.txt,1784,fa2sd4adatasetWest152,8,0,0,0
1784_fa2sd4adatasetWest152_420_1621244359_1621244510_100_obstacle.txt,1784,fa2sd4adatasetWest152,9,0,0,0
1784_fa2sd4adatasetWest152_420_1621244359_1621244510_100_obstacle.txt,1784,fa2sd4adatasetWest152,10,0,0,1
1784_fa2sd4adatasetWest152_420_1621244359_1621244510_100_obstacle.txt,1784,fa2sd4adatasetWest152,11,0,0,0
1784_fa2sd4adatasetWest152_420_1621244359_1621244510_100_obstacle.txt,1784,fa2sd4adatasetWest152,12,0,0,0
1784_fa2sd4adatasetWest152_420_1621244359_1621244510_100_obstacle.txt,1784,fa2sd4adatasetWest152,13,0,0,0
1784_fa2sd4adatasetWest152_420_1621244359_1621244510_100_obstacle.txt,1784,fa2sd4adatasetWest152,14,0,0,0
1784_fa2sd4adatasetWest152_420_1621244359_1621244510_100_obstacle.txt,1784,fa2sd4adatasetWest152,15,0,0,0
1784_fa2sd4adatasetWest152_420_1621244359_1621244510_100_obstacle.txt,1784,fa2sd4adatasetWest152,16,0,0,0
1784_fa2sd4adatasetWest152_420_1621244359_1621244510_100_obstacle.txt,1784,fa2sd4adatasetWest152,17,0,0,0
1784_fa2sd4adatasetWest152_420_1621244359_1621244510_100_obstacle.txt,1784,fa2sd4adatasetWest152,18,0,0,0
1784_fa2sd4adatasetWest152_420_1621244359_1621244510_100_obstacle.txt,1784,fa2sd4adatasetWest152,19,0,0,0
1784_fa2sd4adatasetWest152_420_1621244359_1621244510_100_obstacle.txt,1784,fa2sd4adatasetWest152,20,0,0,0
1784_fa2sd4adatasetWest152_420_1621244359_1621244510_100_obstacle.txt,1784,fa2sd4adatasetWest152,21,0,0,0
1784_fa2sd4adatasetWest152_420_1621244359_1621244510_20_obstacle.txt,1784,fa2sd4adatasetWest152,1,0,0,0
1784_fa2sd4adatasetWest152_420_1621244359_1621244510_20_obstacle.txt,1784,fa2sd4adatasetWest152,2,0,0,1
1784_fa2sd4adatasetWest152_420_1621244359_1621244510_20_obstacle.txt,1784,fa2sd4adatasetWest152,3,0,0,0
1784_fa2sd4adatasetWest152_420_1621244359_1621244510_20_obstacle.txt,1784,fa2sd4adatasetWest152,4,0,0,0
1784_fa2sd4adatasetWest152_420_1621244359_1621244510_20_obstacle.txt,1784,fa2sd4adatasetWest152,5,0,0,0
1784_fa2sd4adatasetWest152_420_1621244359_1621244510_20_obstacle.txt,1784,fa2sd4adatasetWest152,6,0,0,0
1784_fa2sd4adatasetWest152_420_1621244359_1621244510_20_obstacle.txt,1784,fa2sd4adatasetWest152,7,0,0,0
1784_fa2sd4adatasetWest152_420_1621244359_1621244510_20_obstacle.txt,1784,fa2sd4adatasetWest152,8,0,0,0
1784_fa2sd4adatasetWest152_420_1621244359_1621244510_20_obstacle.txt,1784,fa2sd4adatasetWest152,9,0,0,1
1784_fa2sd4adatasetWest152_420_1621244359_1621244510_20_obstacle.txt,1784,fa2sd4adatasetWest152,10,0,0,0
1784_fa2sd4adatasetWest152_420_1621244359_1621244510_20_obstacle.txt,1784,fa2sd4adatasetWest152,11,0,0,0
1784_fa2sd4adatasetWest152_420_1621244359_1621244510_20_obstacle.txt,1784,fa2sd4adatasetWest152,12,0,0,0
1784_fa2sd4adatasetWest152_420_1621244359_1621244510_20_obstacle.txt,1784,fa2sd4adatasetWest152,13,0,0,1
1784_fa2sd4adatasetWest152_420_1621244359_1621244510_20_obstacle.txt,1784,fa2sd4adatasetWest152,14,0,0,0
1784_fa2sd4adatasetWest152_420_1621244359_1621244510_20_obstacle.txt,1784,fa2sd4adatasetWest152,15,0,0,1
1784_fa2sd4adatasetWest152_420_1621244359_1621244510_20_obstacle.txt,1784,fa2sd4adatasetWest152,16,0,0,0
1784_fa2sd4adatasetWest152_420_1621244359_1621244510_20_obstacle.txt,1784,fa2sd4adatasetWest152,17,0,0,0
1784_fa2sd4adatasetWest152_420_1621244359_1621244510_20_obstacle.txt,1784,fa2sd4adatasetWest152,18,0,0,0
1784_fa2sd4adatasetWest152_420_1621244359_1621244510_20_obstacle.txt,1784,fa2sd4adatasetWest152,19,0,0,0
1784_fa2sd4adatasetWest152_420_1621244359_1621244510_20_obstacle.txt,1784,fa2sd4adatasetWest152,20,0,0,0
1784_fa2sd4adatasetWest152_420_1621244359_1621244510_20_obstacle.txt,1784,fa2sd4adatasetWest152,21,0,0,0
1784_fa2sd4adatasetWest152_420_1621244359_1621244510_20_obstacle.txt,1784,fa2sd4adatasetWest152,22,0,0,0
1784_fa2sd4adatasetWest152_420_1621244359_1621244510_20_obstacle.txt,1784,fa2sd4adatasetWest152,23,0,0,0
1784_fa2sd4adatasetWest152_420_1621244359_1621244510_20_obstacle.txt,1784,fa2sd4adatasetWest152,24,0,0,0
1784_fa2sd4adatasetWest152_420_1621244359_1621244510_20_obstacle.txt,1784,fa2sd4adatasetWest152,25,0,0,0
1784_fa2sd4adatasetWest152_420_1621244359_1621244510_20_obstacle.txt,1784,fa2sd4adatasetWest152,26,0,0,0
1784_fa2sd4adatasetWest152_420_1621244510_1621244663_253_obstacle.txt,1784,fa2sd4adatasetWest152,1,1,0,0
1784_fa2sd4adatasetWest152_420_1621244510_1621244663_253_obstacle.txt,1784,fa2sd4adatasetWest152,2,0,1,0
1784_fa2sd4adatasetWest152_420_1621244510_1621244663_253_obstacle.txt,1784,fa2sd4adatasetWest152,3,0,0,0
1784_fa2sd4adatasetWest152_420_1621244510_1621244663_253_obstacle.txt,1784,fa2sd4adatasetWest152,4,1,0,0
1784_fa2sd4adatasetWest152_420_1621244510_1621244663_253_obstacle.txt,1784,fa2sd4adatasetWest152,5,0,0,1
1784_fa2sd4adatasetWest152_420_1621244510_1621244663_253_obstacle.txt,1784,fa2sd4adatasetWest152,6,0,1,0
1784_fa2sd4adatasetWest152_420_1621244510_1621244663_253_obstacle.txt,1784,fa2sd4adatasetWest152,7,0,0,1
1784_fa2sd4adatasetWest152_420_1621244510_1621244663_253_obstacle.txt,1784,fa2sd4adatasetWest152,8,0,0,1
1784_fa2sd4adatasetWest152_420_1621244510_1621244663_253_obstacle.txt,1784,fa2sd4adatasetWest152,9,0,0,1
1784_fa2sd4adatasetWest152_420_1621244510_1621244663_253_obstacle.txt,1784,fa2sd4adatasetWest152,10,0,0,1
1784_fa2sd4adatasetWest152_420_1621244510_1621244663_253_obstacle.txt,1784,fa2sd4adatasetWest152,11,0,1,0
1784_fa2sd4adatasetWest152_420_1621244510_1621244663_253_obstacle.txt,1784,fa2sd4adatasetWest152,12,0,1,0
1784_fa2sd4adatasetWest152_420_1621244510_1621244663_253_obstacle.txt,1784,fa2sd4adatasetWest152,13,0,0,1
1784_fa2sd4adatasetWest152_420_1621244510_1621244663_253_obstacle.txt,1784,fa2sd4adatasetWest152,14,0,0,0
1784_fa2sd4adatasetWest152_420_1621244510_1621244663_253_obstacle.txt,1784,fa2sd4adatasetWest152,15,0,1,0
1784_fa2sd4adatasetWest152_420_1621244510_1621244663_253_obstacle.txt,1784,fa2sd4adatasetWest152,16,1,0,0
1784_fa2sd4adatasetWest152_420_1621244510_1621244663_253_obstacle.txt,1784,fa2sd4adatasetWest152,17,0,0,1
1784_fa2sd4adatasetWest152_420_1621244510_1621244663_253_obstacle.txt,1784,fa2sd4adatasetWest152,18,0,1,0
1784_fa2sd4adatasetWest152_420_1621244510_1621244663_253_obstacle.txt,1784,fa2sd4adatasetWest152,19,0,0,1
1784_fa2sd4adatasetWest152_420_1621244510_1621244663_253_obstacle.txt,1784,fa2sd4adatasetWest152,20,0,1,0
1784_fa2sd4adatasetWest152_420_1621244510_1621244663_253_obstacle.txt,1784,fa2sd4adatasetWest152,21,0,0,0
1784_fa2sd4adatasetWest152_420_1621245117_1621245268_243_obstacle.txt,1784,fa2sd4adatasetWest152,1,0,0,0
1784_fa2sd4adatasetWest152_420_1621245117_1621245268_243_obstacle.txt,1784,fa2sd4adatasetWest152,2,0,0,0
1784_fa2sd4adatasetWest152_420_1621245117_1621245268_243_obstacle.txt,1784,fa2sd4adatasetWest152,3,0,0,0
1784_fa2sd4adatasetWest152_420_1621245117_1621245268_243_obstacle.txt,1784,fa2sd4adatasetWest152,4,0,0,0
1784_fa2sd4adatasetWest152_420_1621245117_1621245268_243_obstacle.txt,1784,fa2sd4adatasetWest152,5,0,0,0
1784_fa2sd4adatasetWest152_420_1621245117_1621245268_243_obstacle.txt,1784,fa2sd4adatasetWest152,6,0,0,0
1784_fa2sd4adatasetWest152_420_1621245117_1621245268_243_obstacle.txt,1784,fa2sd4adatasetWest152,7,0,0,0
1784_fa2sd4adatasetWest152_420_1621245117_1621245268_243_obstacle.txt,1784,fa2sd4adatasetWest152,8,0,0,0
1784_fa2sd4adatasetWest152_420_1621245117_1621245268_243_obstacle.txt,1784,fa2sd4adatasetWest152,9,1,0,0
1784_fa2sd4adatasetWest152_420_1621245117_1621245268_243_obstacle.txt,1784,fa2sd4adatasetWest152,10,0,0,0
1784_fa2sd4adatasetWest152_420_1621245117_1621245268_243_obstacle.txt,1784,fa2sd4adatasetWest152,11,1,0,0
1784_fa2sd4adatasetWest152_420_1621245117_1621245268_243_obstacle.txt,1784,fa2sd4adatasetWest152,12,1,0,0
1784_fa2sd4adatasetWest152_420_1621245117_1621245268_243_obstacle.txt,1784,fa2sd4adatasetWest152,13,1,0,0
1784_fa2sd4adatasetWest152_420_1621245117_1621245268_243_obstacle.txt,1784,fa2sd4adatasetWest152,14,0,0,0
1784_fa2sd4adatasetWest152_420_1621245117_1621245268_243_obstacle.txt,1784,fa2sd4adatasetWest152,15,1,0,0
1784_fa2sd4adatasetWest152_420_1621245117_1621245268_243_obstacle.txt,1784,fa2sd4adatasetWest152,16,0,0,0
1784_fa2sd4adatasetWest152_420_1621245117_1621245268_243_obstacle.txt,1784,fa2sd4adatasetWest152,17,0,0,0
1784_fa2sd4adatasetWest152_420_1621245117_1621245268_243_obstacle.txt,1784,fa2sd4adatasetWest152,18,1,0,0
1784_fa2sd4adatasetWest152_420_1621245117_1621245268_243_obstacle.txt,1784,fa2sd4adatasetWest152,19,0,0,0
1784_fa2sd4adatasetWest152_420_1621245117_1621245268_243_obstacle.txt,1784,fa2sd4adatasetWest152,20,1,0,0
1784_fa2sd4adatasetWest152_420_1621245723_1621245873_59_obstacle.txt,1784,fa2sd4adatasetWest152,1,0,0,0
1784_fa2sd4adatasetWest152_420_1621245723_1621245873_59_obstacle.txt,1784,fa2sd4adatasetWest152,2,0,0,0
1784_fa2sd4adatasetWest152_420_1621245723_1621245873_59_obstacle.txt,1784,fa2sd4adatasetWest152,3,0,0,0
1784_fa2sd4adatasetWest152_420_1621245723_1621245873_59_obstacle.txt,1784,fa2sd4adatasetWest152,4,0,0,0
1784_fa2sd4adatasetWest152_420_1621245723_1621245873_59_obstacle.txt,1784,fa2sd4adatasetWest152,5,0,0,0
1784_fa2sd4adatasetWest152_420_1621245723_1621245873_59_obstacle.txt,1784,fa2sd4adatasetWest152,6,0,0,0
1784_fa2sd4adatasetWest152_420_1621245723_1621245873_59_obstacle.txt,1784,fa2sd4adatasetWest152,7,0,0,0
1784_fa2sd4adatasetWest152_420_1621245723_1621245873_59_obstacle.txt,1784,fa2sd4adatasetWest152,8,0,0,0
1784_fa2sd4adatasetWest152_420_1621245723_1621245873_59_obstacle.txt,1784,fa2sd4adatasetWest152,9,0,0,0
1784_fa2sd4adatasetWest152_420_1621245723_1621245873_59_obstacle.txt,1784,fa2sd4adatasetWest152,10,0,0,0
1784_fa2sd4adatasetWest152_420_1621245723_1621245873_59_obstacle.txt,1784,fa2sd4adatasetWest152,11,1,0,1
1784_fa2sd4adatasetWest152_420_1621245723_1621245873_59_obstacle.txt,1784,fa2sd4adatasetWest152,12,0,0,0
1784_fa2sd4adatasetWest152_420_1621245723_1621245873_59_obstacle.txt,1784,fa2sd4adatasetWest152,13,0,0,0
1784_fa2sd4adatasetWest152_420_1621245723_1621245873_59_obstacle.txt,1784,fa2sd4adatasetWest152,14,0,0,0
1784_fa2sd4adatasetWest152_420_1621245723_1621245873_59_obstacle.txt,1784,fa2sd4adatasetWest152,15,1,0,1
1784_fa2sd4adatasetWest152_420_1621245723_1621245873_59_obstacle.txt,1784,fa2sd4adatasetWest152,16,0,0,0
1784_fa2sd4adatasetWest152_420_1621245723_1621245873_59_obstacle.txt,1784,fa2sd4adatasetWest152,17,0,0,0
1784_fa2sd4adatasetWest152_420_1621245723_1621245873_59_obstacle.txt,1784,fa2sd4adatasetWest152,18,0,0,0
1784_fa2sd4adatasetWest152_420_1621245723_1621245873_59_obstacle.txt,1784,fa2sd4adatasetWest152,19,1,0,1
1784_fa2sd4adatasetWest152_420_1621245723_1621245873_59_obstacle.txt,1784,fa2sd4adatasetWest152,20,1,0,1
1784_fa2sd4adatasetWest152_420_1621245873_1621246024_152_obstacle.txt,1784,fa2sd4adatasetWest152,1,0,0,1
1784_fa2sd4adatasetWest152_420_1621245873_1621246024_152_obstacle.txt,1784,fa2sd4adatasetWest152,2,0,0,0
1784_fa2sd4adatasetWest152_420_1621245873_1621246024_152_obstacle.txt,1784,fa2sd4adatasetWest152,3,0,0,1
1784_fa2sd4adatasetWest152_420_1621245873_1621246024_152_obstacle.txt,1784,fa2sd4adatasetWest152,4,0,0,0
1784_fa2sd4adatasetWest152_420_1621245873_1621246024_152_obstacle.txt,1784,fa2sd4adatasetWest152,5,0,0,1
1784_fa2sd4adatasetWest152_420_1621245873_1621246024_152_obstacle.txt,1784,fa2sd4adatasetWest152,6,0,0,0
1784_fa2sd4adatasetWest152_420_1621245873_1621246024_152_obstacle.txt,1784,fa2sd4adatasetWest152,7,0,0,1
1784_fa2sd4adatasetWest152_420_1621245873_1621246024_152_obstacle.txt,1784,fa2sd4adatasetWest152,8,0,0,0
1784_fa2sd4adatasetWest152_420_1621245873_1621246024_152_obstacle.txt,1784,fa2sd4adatasetWest152,9,0,0,0
1784_fa2sd4adatasetWest152_420_1621245873_1621246024_152_obstacle.txt,1784,fa2sd4adatasetWest152,10,0,0,1
1784_fa2sd4adatasetWest152_420_1621245873_1621246024_152_obstacle.txt,1784,fa2sd4adatasetWest152,11,0,0,1
1784_fa2sd4adatasetWest152_420_1621245873_1621246024_152_obstacle.txt,1784,fa2sd4adatasetWest152,12,0,0,0
1784_fa2sd4adatasetWest152_420_1621245873_1621246024_152_obstacle.txt,1784,fa2sd4adatasetWest152,13,0,0,0
1784_fa2sd4adatasetWest152_420_1621245873_1621246024_152_obstacle.txt,1784,fa2sd4adatasetWest152,14,0,0,1
1784_fa2sd4adatasetWest152_420_1621245873_1621246024_152_obstacle.txt,1784,fa2sd4adatasetWest152,15,0,0,0
1784_fa2sd4adatasetWest152_420_1621245873_1621246024_152_obstacle.txt,1784,fa2sd4adatasetWest152,16,0,0,1
1784_fa2sd4adatasetWest152_420_1621245873_1621246024_152_obstacle.txt,1784,fa2sd4adatasetWest152,17,0,0,1
1784_fa2sd4adatasetWest152_420_1621245873_1621246024_152_obstacle.txt,1784,fa2sd4adatasetWest152,18,0,0,0
1784_fa2sd4adatasetWest152_420_1621245873_1621246024_152_obstacle.txt,1784,fa2sd4adatasetWest152,19,0,0,1
1784_fa2sd4adatasetWest152_420_1621245873_1621246024_152_obstacle.txt,1784,fa2sd4adatasetWest152,20,0,0,0
1784_fa2sd4adatasetWest152_420_1621245873_1621246024_152_obstacle.txt,1784,fa2sd4adatasetWest152,21,0,0,1
1784_fa2sd4adatasetWest152_420_1621245873_1621246024_152_obstacle.txt,1784,fa2sd4adatasetWest152,22,0,0,0
1784_fa2sd4adatasetWest152_420_1621245873_1621246024_152_obstacle.txt,1784,fa2sd4adatasetWest152,23,0,0,1
1784_fa2sd4adatasetWest152_420_1621245873_1621246024_152_obstacle.txt,1784,fa2sd4adatasetWest152,24,0,0,1
1784_fa2sd4adatasetWest152_420_1621245873_1621246024_206_obstacle.txt,1784,fa2sd4adatasetWest152,1,0,0,0
1784_fa2sd4adatasetWest152_420_1621245873_1621246024_206_obstacle.txt,1784,fa2sd4adatasetWest152,2,0,0,0
1784_fa2sd4adatasetWest152_420_1621245873_1621246024_206_obstacle.txt,1784,fa2sd4adatasetWest152,3,0,0,0
1784_fa2sd4adatasetWest152_420_1621245873_1621246024_206_obstacle.txt,1784,fa2sd4adatasetWest152,4,0,0,0
1784_fa2sd4adatasetWest152_420_1621245873_1621246024_206_obstacle.txt,1784,fa2sd4adatasetWest152,5,0,0,0
1784_fa2sd4adatasetWest152_420_1621245873_1621246024_206_obstacle.txt,1784,fa2sd4adatasetWest152,6,0,1,0
1784_fa2sd4adatasetWest152_420_1621245873_1621246024_206_obstacle.txt,1784,fa2sd4adatasetWest152,7,0,0,0
1784_fa2sd4adatasetWest152_420_1621245873_1621246024_206_obstacle.txt,1784,fa2sd4adatasetWest152,8,0,0,0
1784_fa2sd4adatasetWest152_420_1621246328_1621246478_227_obstacle.txt,1784,fa2sd4adatasetWest152,1,0,0,0
1784_fa2sd4adatasetWest152_420_1621246328_1621246478_227_obstacle.txt,1784,fa2sd4adatasetWest152,2,0,0,0
1784_fa2sd4adatasetWest152_420_1621246328_1621246478_227_obstacle.txt,1784,fa2sd4adatasetWest152,3,1,0,0
1784_fa2sd4adatasetWest152_420_1621246328_1621246478_227_obstacle.txt,1784,fa2sd4adatasetWest152,4,0,0,0
1784_fa2sd4adatasetWest152_420_1621246328_1621246478_227_obstacle.txt,1784,fa2sd4adatasetWest152,5,0,0,0
1784_fa2sd4adatasetWest152_420_1621246328_1621246478_227_obstacle.txt,1784,fa2sd4adatasetWest152,6,1,0,0
1784_fa2sd4adatasetWest152_420_1621246328_1621246478_227_obstacle.txt,1784,fa2sd4adatasetWest152,7,0,0,0
1784_fa2sd4adatasetWest152_420_1621246328_1621246478_227_obstacle.txt,1784,fa2sd4adatasetWest152,8,0,0,0
1784_fa2sd4adatasetWest152_420_1621246328_1621246478_227_obstacle.txt,1784,fa2sd4adatasetWest152,9,0,0,0
1784_fa2sd4adatasetWest152_420_1621246328_1621246478_227_obstacle.txt,1784,fa2sd4adatasetWest152,10,0,0,0
1784_fa2sd4adatasetWest152_420_1621246328_1621246478_227_obstacle.txt,1784,fa2sd4adatasetWest152,11,0,0,0
1784_fa2sd4adatasetWest152_420_1621246328_1621246478_227_obstacle.txt,1784,fa2sd4adatasetWest152,12,1,0,0
1784_fa2sd4adatasetWest152_420_1621246328_1621246478_227_obstacle.txt,1784,fa2sd4adatasetWest152,13,0,0,0
1784_fa2sd4adatasetWest152_420_1621246630_1621246780_157_obstacle.txt,1784,fa2sd4adatasetWest152,1,0,0,0
1784_fa2sd4adatasetWest152_420_1621246630_1621246780_157_obstacle.txt,1784,fa2sd4adatasetWest152,2,0,0,0
1784_fa2sd4adatasetWest152_420_1621246630_1621246780_157_obstacle.txt,1784,fa2sd4adatasetWest152,3,0,0,0
1784_fa2sd4adatasetWest152_420_1621246630_1621246780_157_obstacle.txt,1784,fa2sd4adatasetWest152,4,0,1,0
1784_fa2sd4adatasetWest152_420_1621246630_1621246780_157_obstacle.txt,1784,fa2sd4adatasetWest152,5,0,1,0
1784_fa2sd4adatasetWest152_420_1621246630_1621246780_157_obstacle.txt,1784,fa2sd4adatasetWest152,6,0,0,0
1784_fa2sd4adatasetWest152_420_1621246630_1621246780_157_obstacle.txt,1784,fa2sd4adatasetWest152,7,0,1,0
1784_fa2sd4adatasetWest152_420_1621246630_1621246780_157_obstacle.txt,1784,fa2sd4adatasetWest152,8,0,0,0
1784_fa2sd4adatasetWest152_420_1621246630_1621246780_157_obstacle.txt,1784,fa2sd4adatasetWest152,9,0,0,0
1784_fa2sd4adatasetWest152_420_1621246630_1621246780_157_obstacle.txt,1784,fa2sd4adatasetWest152,10,0,0,0
1784_fa2sd4adatasetWest152_420_1621246630_1621246780_157_obstacle.txt,1784,fa2sd4adatasetWest152,11,0,0,0
1784_fa2sd4adatasetWest152_420_1621246630_1621246780_157_obstacle.txt,1784,fa2sd4adatasetWest152,12,0,0,0
1784_fa2sd4adatasetWest152_420_1621246630_1621246780_157_obstacle.txt,1784,fa2sd4adatasetWest152,13,0,0,0
1784_fa2sd4adatasetWest152_420_1621246630_1621246780_157_obstacle.txt,1784,fa2sd4adatasetWest152,14,0,1,0
1784_fa2sd4adatasetWest152_420_1621246630_1621246780_157_obstacle.txt,1784,fa2sd4adatasetWest152,15,0,1,0
1784_fa2sd4adatasetWest152_420_1621246630_1621246780_157_obstacle.txt,1784,fa2sd4adatasetWest152,16,0,0,0
1784_fa2sd4adatasetWest152_420_1621246630_1621246780_157_obstacle.txt,1784,fa2sd4adatasetWest152,17,0,0,0
1784_fa2sd4adatasetWest152_420_1621246630_1621246780_157_obstacle.txt,1784,fa2sd4adatasetWest152,18,0,0,0
1784_fa2sd4adatasetWest152_420_1621246630_1621246780_157_obstacle.txt,1784,fa2sd4adatasetWest152,19,0,0,0
1784_fa2sd4adatasetWest152_420_1621246630_1621246780_157_obstacle.txt,1784,fa2sd4adatasetWest152,20,0,1,0
1784_fa2sd4adatasetWest152_420_1621246630_1621246780_157_obstacle.txt,1784,fa2sd4adatasetWest152,21,0,0,0
1784_fa2sd4adatasetWest152_420_1621246630_1621246780_157_obstacle.txt,1784,fa2sd4adatasetWest152,22,0,0,0
1784_fa2sd4adatasetWest152_420_1621247688_1621247839_41_obstacle.txt,1784,fa2sd4adatasetWest152,1,0,0,0
1784_fa2sd4adatasetWest152_420_1621247688_1621247839_41_obstacle.txt,1784,fa2sd4adatasetWest152,2,1,0,0
1784_fa2sd4adatasetWest152_420_1621247688_1621247839_41_obstacle.txt,1784,fa2sd4adatasetWest152,3,1,0,0
1784_fa2sd4adatasetWest152_420_1621247688_1621247839_41_obstacle.txt,1784,fa2sd4adatasetWest152,4,0,0,0
1784_fa2sd4adatasetWest152_420_1621247688_1621247839_41_obstacle.txt,1784,fa2sd4adatasetWest152,5,0,0,0
1784_fa2sd4adatasetWest152_420_1621247688_1621247839_41_obstacle.txt,1784,fa2sd4adatasetWest152,6,1,0,0
1784_fa2sd4adatasetWest152_420_1621247688_1621247839_41_obstacle.txt,1784,fa2sd4adatasetWest152,7,0,0,0
1784_fa2sd4adatasetWest152_420_1621247688_1621247839_41_obstacle.txt,1784,fa2sd4adatasetWest152,8,1,0,0
1784_fa2sd4adatasetWest152_420_1621247688_1621247839_41_obstacle.txt,1784,fa2sd4adatasetWest152,9,1,0,0
1784_fa2sd4adatasetWest152_420_1621247688_1621247839_41_obstacle.txt,1784,fa2sd4adatasetWest152,10,0,0,0
1784_fa2sd4adatasetWest152_420_1621247688_1621247839_41_obstacle.txt,1784,fa2sd4adatasetWest152,11,1,0,0
1784_fa2sd4adatasetWest152_420_1621247688_1621247839_41_obstacle.txt,1784,fa2sd4adatasetWest152,12,1,0,0
1784_fa2sd4adatasetWest152_420_1621247688_1621247839_41_obstacle.txt,1784,fa2sd4adatasetWest152,13,1,0,0
1784_fa2sd4adatasetWest152_420_1621247688_1621247839_41_obstacle.txt,1784,fa2sd4adatasetWest152,14,0,0,0
1784_fa2sd4adatasetWest152_420_1621247688_1621247839_41_obstacle.txt,1784,fa2sd4adatasetWest152,15,0,0,0
1784_fa2sd4adatasetWest152_420_1621247688_1621247839_89_obstacle.txt,1784,fa2sd4adatasetWest152,1,0,0,1
1784_fa2sd4adatasetWest152_420_1621247688_1621247839_89_obstacle.txt,1784,fa2sd4adatasetWest152,2,0,0,1
1784_fa2sd4adatasetWest152_420_1621247688_1621247839_89_obstacle.txt,1784,fa2sd4adatasetWest152,3,0,0,1
1784_fa2sd4adatasetWest152_420_1621247688_1621247839_89_obstacle.txt,1784,fa2sd4adatasetWest152,4,0,0,0
1784_fa2sd4adatasetWest152_420_1621247688_1621247839_89_obstacle.txt,1784,fa2sd4adatasetWest152,5,0,0,0
1784_fa2sd4adatasetWest152_420_1621247688_1621247839_89_obstacle.txt,1784,fa2sd4adatasetWest152,6,0,0,1
1784_fa2sd4adatasetWest152_420_1621247688_1621247839_89_obstacle.txt,1784,fa2sd4adatasetWest152,7,0,0,1
1784_fa2sd4adatasetWest152_420_1621247688_1621247839_89_obstacle.txt,1784,fa2sd4adatasetWest152,8,0,0,0
1784_fa2sd4adatasetWest152_420_1621247688_1621247839_89_obstacle.txt,1784,fa2sd4adatasetWest152,9,0,0,0
1784_fa2sd4adatasetWest152_420_1621247688_1621247839_89_obstacle.txt,1784,fa2sd4adatasetWest152,10,0,0,0
1784_fa2sd4adatasetWest152_420_1621247688_1621247839_89_obstacle.txt,1784,fa2sd4adatasetWest152,11,0,0,0
1784_fa2sd4adatasetWest152_420_1621247688_1621247839_89_obstacle.txt,1784,fa2sd4adatasetWest152,12,0,0,1
1784_fa2sd4adatasetWest152_420_1621247688_1621247839_89_obstacle.txt,1784,fa2sd4adatasetWest152,13,0,0,1
1784_fa2sd4adatasetWest152_420_1621247688_1621247839_89_obstacle.txt,1784,fa2sd4adatasetWest152,14,0,0,0
1784_fa2sd4adatasetWest152_420_1621247688_1621247839_89_obstacle.txt,1784,fa2sd4adatasetWest152,15,0,0,1
1784_fa2sd4adatasetWest152_420_1621247688_1621247839_89_obstacle.txt,1784,fa2sd4adatasetWest152,16,0,0,1
1784_fa2sd4adatasetWest152_420_1621247839_1621247990_85_obstacle.txt,1784,fa2sd4adatasetWest152,1,0,0,0
1784_fa2sd4adatasetWest152_420_1621247839_1621247990_85_obstacle.txt,1784,fa2sd4adatasetWest152,2,0,0,0
1784_fa2sd4adatasetWest152_420_1621247839_1621247990_85_obstacle.txt,1784,fa2sd4adatasetWest152,3,0,0,1
1784_fa2sd4adatasetWest152_420_1621247839_1621247990_85_obstacle.txt,1784,fa2sd4adatasetWest152,4,0,0,0
1784_fa2sd4adatasetWest152_420_1621247839_1621247990_85_obstacle.txt,1784,fa2sd4adatasetWest152,5,0,0,1
1784_fa2sd4adatasetWest152_420_1621247839_1621247990_85_obstacle.txt,1784,fa2sd4adatasetWest152,6,0,0,1
1784_fa2sd4adatasetWest152_420_1621247839_1621247990_85_obstacle.txt,1784,fa2sd4adatasetWest152,7,0,0,0
1784_fa2sd4adatasetWest152_420_1621247839_1621247990_85_obstacle.txt,1784,fa2sd4adatasetWest152,8,0,0,0
1784_fa2sd4adatasetWest152_420_1621247839_1621247990_85_obstacle.txt,1784,fa2sd4adatasetWest152,9,0,0,0
1784_fa2sd4adatasetWest152_420_1621247839_1621247990_85_obstacle.txt,1784,fa2sd4adatasetWest152,10,0,0,0
1784_fa2sd4adatasetWest152_420_1621247839_1621247990_85_obstacle.txt,1784,fa2sd4adatasetWest152,11,0,0,1
1784_fa2sd4adatasetWest152_420_1621247839_1621247990_85_obstacle.txt,1784,fa2sd4adatasetWest152,12,0,0,0
1784_fa2sd4adatasetWest152_420_1621247839_1621247990_85_obstacle.txt,1784,fa2sd4adatasetWest152,13,0,0,0
1784_fa2sd4adatasetWest152_420_1621247839_1621247990_85_obstacle.txt,1784,fa2sd4adatasetWest152,14,0,0,1
1784_fa2sd4adatasetWest152_420_1621247839_1621247990_85_obstacle.txt,1784,fa2sd4adatasetWest152,15,0,0,0
1784_fa2sd4adatasetWest152_420_1621247839_1621247990_85_obstacle.txt,1784,fa2sd4adatasetWest152,16,0,0,0
1784_fa2sd4adatasetWest152_420_1621247990_1621248044_24_obstacle.txt,1784,fa2sd4adatasetWest152,1,0,1,0
1784_fa2sd4adatasetWest152_420_1621247990_1621248044_24_obstacle.txt,1784,fa2sd4adatasetWest152,2,0,0,0
1784_fa2sd4adatasetWest152_420_1621247990_1621248044_24_obstacle.txt,1784,fa2sd4adatasetWest152,3,0,1,0
1784_fa2sd4adatasetWest152_420_1621247990_1621248044_24_obstacle.txt,1784,fa2sd4adatasetWest152,4,0,1,0
1784_fa2sd4adatasetWest152_420_1621247990_1621248044_24_obstacle.txt,1784,fa2sd4adatasetWest152,5,0,1,0
1784_fa2sd4adatasetWest152_420_1621247990_1621248044_24_obstacle.txt,1784,fa2sd4adatasetWest152,6,0,0,0
1784_fa2sd4adatasetWest152_420_1621247990_1621248044_24_obstacle.txt,1784,fa2sd4adatasetWest152,7,0,0,0
1784_fa2sd4adatasetWest152_420_1621247990_1621248044_24_obstacle.txt,1784,fa2sd4adatasetWest152,8,0,1,0
1784_fa2sd4adatasetWest152_420_1621247990_1621248044_24_obstacle.txt,1784,fa2sd4adatasetWest152,9,0,1,0
1784_fa2sd4adatasetWest152_420_1621247990_1621248044_24_obstacle.txt,1784,fa2sd4adatasetWest152,10,0,0,0
1784_fa2sd4adatasetWest152_420_1621247990_1621248044_24_obstacle.txt,1784,fa2sd4adatasetWest152,11,0,1,0
1784_fa2sd4adatasetWest152_420_1621247990_1621248044_24_obstacle.txt,1784,fa2sd4adatasetWest152,12,0,0,0
1784_fa2sd4adatasetWest152_420_1621247990_1621248044_24_obstacle.txt,1784,fa2sd4adatasetWest152,13,0,0,0
1784_fa2sd4adatasetWest152_420_1621247990_1621248044_24_obstacle.txt,1784,fa2sd4adatasetWest152,14,0,1,0
1784_fa2sd4adatasetWest152_420_1621247990_1621248044_24_obstacle.txt,1784,fa2sd4adatasetWest152,15,0,1,0
1784_fa2sd4adatasetWest152_420_1621247990_1621248044_24_obstacle.txt,1784,fa2sd4adatasetWest152,16,0,0,0
1784_fa2sd4adatasetWest152_420_1621247990_1621248044_24_obstacle.txt,1784,fa2sd4adatasetWest152,17,0,0,0
1784_fa2sd4adatasetWest152_420_1621247990_1621248044_24_obstacle.txt,1784,fa2sd4adatasetWest152,18,0,0,0
1784_fa2sd4adatasetWest152_420_1621247990_1621248044_24_obstacle.txt,1784,fa2sd4adatasetWest152,19,0,1,0
1784_fa2sd4adatasetWest152_420_1621247990_1621248044_39_obstacle.txt,1784,fa2sd4adatasetWest152,1,0,0,0
1784_fa2sd4adatasetWest152_420_1621247990_1621248044_39_obstacle.txt,1784,fa2sd4adatasetWest152,2,0,1,0
1784_fa2sd4adatasetWest152_420_1621247990_1621248044_39_obstacle.txt,1784,fa2sd4adatasetWest152,3,0,1,0
1784_fa2sd4adatasetWest152_420_1621247990_1621248044_39_obstacle.txt,1784,fa2sd4adatasetWest152,4,0,0,0
1784_fa2sd4adatasetWest152_420_1621247990_1621248044_39_obstacle.txt,1784,fa2sd4adatasetWest152,5,0,0,0
1784_fa2sd4adatasetWest152_420_1621247990_1621248044_39_obstacle.txt,1784,fa2sd4adatasetWest152,6,0,1,0
1784_fa2sd4adatasetWest152_420_1621247990_1621248044_39_obstacle.txt,1784,fa2sd4adatasetWest152,7,0,0,0
1784_fa2sd4adatasetWest152_420_1621247990_1621248044_39_obstacle.txt,1784,fa2sd4adatasetWest152,8,0,0,0
1784_fa2sd4adatasetWest152_420_1621247990_1621248044_39_obstacle.txt,1784,fa2sd4adatasetWest152,9,0,1,0
1784_fa2sd4adatasetWest152_420_1621247990_1621248044_39_obstacle.txt,1784,fa2sd4adatasetWest152,10,0,1,0
1784_fa2sd4adatasetWest152_420_1621247990_1621248044_39_obstacle.txt,1784,fa2sd4adatasetWest152,11,0,0,0
1784_fa2sd4adatasetWest152_420_1621247990_1621248044_39_obstacle.txt,1784,fa2sd4adatasetWest152,12,0,1,0
1784_fa2sd4adatasetWest152_420_1621247990_1621248044_39_obstacle.txt,1784,fa2sd4adatasetWest152,13,0,1,0
1784_fa2sd4adatasetWest152_420_1621247990_1621248044_39_obstacle.txt,1784,fa2sd4adatasetWest152,14,0,0,0
1784_fa2sd4adatasetWest152_420_1621247990_1621248044_39_obstacle.txt,1784,fa2sd4adatasetWest152,15,0,0,0
1784_fa2sd4adatasetWest152_420_1621247990_1621248044_39_obstacle.txt,1784,fa2sd4adatasetWest152,16,0,0,0
1784_fa2sd4adatasetWest152_420_1621247990_1621248044_39_obstacle.txt,1784,fa2sd4adatasetWest152,17,0,1,0
1784_fa2sd4adatasetWest152_420_1621247990_1621248044_68_obstacle.txt,1784,fa2sd4adatasetWest152,1,0,0,0
1784_fa2sd4adatasetWest152_420_1621247990_1621248044_68_obstacle.txt,1784,fa2sd4adatasetWest152,2,0,0,0
1784_fa2sd4adatasetWest152_420_1621247990_1621248044_68_obstacle.txt,1784,fa2sd4adatasetWest152,3,0,1,0
1784_fa2sd4adatasetWest152_420_1621247990_1621248044_68_obstacle.txt,1784,fa2sd4adatasetWest152,4,0,0,0
1784_fa2sd4adatasetWest152_420_1621247990_1621248044_68_obstacle.txt,1784,fa2sd4adatasetWest152,5,0,1,0
1784_fa2sd4adatasetWest152_420_1621247990_1621248044_68_obstacle.txt,1784,fa2sd4adatasetWest152,6,0,0,0
1784_fa2sd4adatasetWest152_420_1621247990_1621248044_68_obstacle.txt,1784,fa2sd4adatasetWest152,7,0,1,0
1784_fa2sd4adatasetWest152_420_1621247990_1621248044_68_obstacle.txt,1784,fa2sd4adatasetWest152,8,0,0,0
1784_fa2sd4adatasetWest152_420_1621247990_1621248044_68_obstacle.txt,1784,fa2sd4adatasetWest152,9,0,0,0
1784_fa2sd4adatasetWest152_420_1621247990_1621248044_68_obstacle.txt,1784,fa2sd4adatasetWest152,10,0,0,0
1784_fa2sd4adatasetWest152_420_1621247990_1621248044_68_obstacle.txt,1784,fa2sd4adatasetWest152,11,0,0,0
1784_fa2sd4adatasetWest152_420_1621247990_1621248044_68_obstacle.txt,1784,fa2sd4adatasetWest152,12,0,1,0
1784_fa2sd4adatasetWest152_420_1621247990_1621248044_68_obstacle.txt,1784,fa2sd4adatasetWest152,13,0,1,0
1784_fa2sd4adatasetWest152_420_1621247990_1621248044_68_obstacle.txt,1784,fa2sd4adatasetWest152,14,0,0,0
1784_fa2sd4adatasetWest152_420_1621247990_1621248044_68_obstacle.txt,1784,fa2sd4adatasetWest152,15,0,0,0
1784_fa2sd4adatasetWest152_420_1621247990_1621248044_68_obstacle.txt,1784,fa2sd4adatasetWest152,16,0,0,0
1784_fa2sd4adatasetWest152_420_1621247990_1621248044_68_obstacle.txt,1784,fa2sd4adatasetWest152,17,0,0,0
1784_fa2sd4adatasetWest152_420_1621247990_1621248044_68_obstacle.txt,1784,fa2sd4adatasetWest152,18,0,0,0
1784_fa2sd4adatasetWest152_420_1621247990_1621248044_68_obstacle.txt,1784,fa2sd4adatasetWest152,19,0,0,0
1784_fa2sd4adatasetWest152_420_1621247990_1621248044_68_obstacle.txt,1784,fa2sd4adatasetWest152,20,0,1,0
1784_fa2sd4adatasetWest152_420_1621247990_1621248044_68_obstacle.txt,1784,fa2sd4adatasetWest152,21,0,0,0
1784_fa2sd4adatasetWest152_420_1621247990_1621248044_68_obstacle.txt,1784,fa2sd4adatasetWest152,22,0,0,0
1901_fa2sd4adatasetf328h9k14camera151_420_1629885933_1629886230_177_obstacle.txt,1901,fa2sd4adatasetf328h9k14camera151,1,0,0,0
1901_fa2sd4adatasetf328h9k14camera151_420_1629885933_1629886230_177_obstacle.txt,1901,fa2sd4adatasetf328h9k14camera151,2,0,0,1
1901_fa2sd4adatasetf328h9k14camera151_420_1629885933_1629886230_177_obstacle.txt,1901,fa2sd4adatasetf328h9k14camera151,3,0,0,0
1901_fa2sd4adatasetf328h9k14camera151_420_1629885933_1629886230_177_obstacle.txt,1901,fa2sd4adatasetf328h9k14camera151,4,0,0,0
1901_fa2sd4adatasetf328h9k14camera151_420_1629885933_1629886230_177_obstacle.txt,1901,fa2sd4adatasetf328h9k14camera151,5,0,0,0
1901_fa2sd4adatasetf328h9k14camera151_420_1629885933_1629886230_177_obstacle.txt,1901,fa2sd4adatasetf328h9k14camera151,6,0,0,0
1901_fa2sd4adatasetf328h9k14camera151_420_1629885933_1629886230_177_obstacle.txt,1901,fa2sd4adatasetf328h9k14camera151,7,0,0,1
1901_fa2sd4adatasetf328h9k14camera151_420_1629885933_1629886230_177_obstacle.txt,1901,fa2sd4adatasetf328h9k14camera151,8,0,0,0
1901_fa2sd4adatasetf328h9k14camera151_420_1629885933_1629886230_177_obstacle.txt,1901,fa2sd4adatasetf328h9k14camera151,9,0,0,0
1901_fa2sd4adatasetf328h9k14camera151_420_1629885933_1629886230_177_obstacle.txt,1901,fa2sd4adatasetf328h9k14camera151,10,0,0,1
1901_fa2sd4adatasetf328h9k14camera151_420_1629885933_1629886230_177_obstacle.txt,1901,fa2sd4adatasetf328h9k14camera151,11,0,0,0
1901_fa2sd4adatasetf328h9k14camera151_420_1629885933_1629886230_177_obstacle.txt,1901,fa2sd4adatasetf328h9k14camera151,12,0,0,0
1901_fa2sd4adatasetf328h9k14camera151_420_1629885933_1629886230_177_obstacle.txt,1901,fa2sd4adatasetf328h9k14camera151,13,0,0,1
1901_fa2sd4adatasetf328h9k14camera151_420_1629885933_1629886230_177_obstacle.txt,1901,fa2sd4adatasetf328h9k14camera151,14,0,0,0
1901_fa2sd4adatasetf328h9k14camera151_420_1629885933_1629886230_177_obstacle.txt,1901,fa2sd4adatasetf328h9k14camera151,15,0,0,1
1901_fa2sd4adatasetf328h9k14camera151_420_1629885933_1629886230_177_obstacle.txt,1901,fa2sd4adatasetf328h9k14camera151,16,0,0,1
1901_fa2sd4adatasetf328h9k14camera151_420_1629885933_1629886230_177_obstacle.txt,1901,fa2sd4adatasetf328h9k14camera151,17,0,0,1
1901_fa2sd4adatasetf328h9k14camera151_420_1629885933_1629886230_177_obstacle.txt,1901,fa2sd4adatasetf328h9k14camera151,18,0,0,1
1901_fa2sd4adatasetf328h9k14camera151_420_1629885933_1629886230_177_obstacle.txt,1901,fa2sd4adatasetf328h9k14camera151,19,0,0,0
1901_fa2sd4adatasetf328h9k14camera151_420_1629885933_1629886230_177_obstacle.txt,1901,fa2sd4adatasetf328h9k14camera151,20,0,0,0
1901_fa2sd4adatasetf328h9k14camera151_420_1629885933_1629886230_177_obstacle.txt,1901,fa2sd4adatasetf328h9k14camera151,21,0,0,0
1901_fa2sd4adatasetf328h9k14camera151_420_1629885933_1629886230_57_obstacle.txt,1901,fa2sd4adatasetf328h9k14camera151,1,0,0,0
1901_fa2sd4adatasetf328h9k14camera151_420_1629885933_1629886230_57_obstacle.txt,1901,fa2sd4adatasetf328h9k14camera151,2,0,0,0
1901_fa2sd4adatasetf328h9k14camera151_420_1629885933_1629886230_57_obstacle.txt,1901,fa2sd4adatasetf328h9k14camera151,3,1,0,0
1901_fa2sd4adatasetf328h9k14camera151_420_1629885933_1629886230_57_obstacle.txt,1901,fa2sd4adatasetf328h9k14camera151,4,0,0,0
1901_fa2sd4adatasetf328h9k14camera151_420_1629885933_1629886230_57_obstacle.txt,1901,fa2sd4adatasetf328h9k14camera151,5,0,0,0
1901_fa2sd4adatasetf328h9k14camera151_420_1629885933_1629886230_57_obstacle.txt,1901,fa2sd4adatasetf328h9k14camera151,6,0,0,0
1901_fa2sd4adatasetf328h9k14camera151_420_1629885933_1629886230_57_obstacle.txt,1901,fa2sd4adatasetf328h9k14camera151,7,0,0,0
1901_fa2sd4adatasetf328h9k14camera151_420_1629885933_1629886230_57_obstacle.txt,1901,fa2sd4adatasetf328h9k14camera151,8,1,0,0
1901_fa2sd4adatasetf328h9k14camera151_420_1629885933_1629886230_57_obstacle.txt,1901,fa2sd4adatasetf328h9k14camera151,9,0,0,0
1901_fa2sd4adatasetf328h9k14camera151_420_1629885933_1629886230_57_obstacle.txt,1901,fa2sd4adatasetf328h9k14camera151,10,0,0,0
1901_fa2sd4adatasetf328h9k14camera151_420_1629885933_1629886230_57_obstacle.txt,1901,fa2sd4adatasetf328h9k14camera151,11,0,0,0
1901_fa2sd4adatasetf328h9k14camera151_420_1629887423_1629887719_115_obstacle.txt,1901,fa2sd4adatasetf328h9k14camera151,1,0,1,0
1901_fa2sd4adatasetf328h9k14camera151_420_1629887423_1629887719_115_obstacle.txt,1901,fa2sd4adatasetf328h9k14camera151,2,0,1,0
1901_fa2sd4adatasetf328h9k14camera151_420_1629887423_1629887719_115_obstacle.txt,1901,fa2sd4adatasetf328h9k14camera151,3,0,0,0
1901_fa2sd4adatasetf328h9k14camera151_420_1629887423_1629887719_115_obstacle.txt,1901,fa2sd4adatasetf328h9k14camera151,4,0,1,0
1901_fa2sd4adatasetf328h9k14camera151_420_1629887423_1629887719_115_obstacle.txt,1901,fa2sd4adatasetf328h9k14camera151,5,0,0,0
1901_fa2sd4adatasetf328h9k14camera151_420_1629887423_1629887719_115_obstacle.txt,1901,fa2sd4adatasetf328h9k14camera151,6,0,0,0
1901_fa2sd4adatasetf328h9k14camera151_420_1629887423_1629887719_115_obstacle.txt,1901,fa2sd4adatasetf328h9k14camera151,7,0,0,0
1901_fa2sd4adatasetf328h9k14camera151_420_1629887423_1629887719_115_obstacle.txt,1901,fa2sd4adatasetf328h9k14camera151,8,0,1,0
1901_fa2sd4adatasetf328h9k14camera151_420_1629887423_1629887719_115_obstacle.txt,1901,fa2sd4adatasetf328h9k14camera151,9,0,0,0
1901_fa2sd4adatasetsj8fas17151_420_1629892099_1629893096_209_obstacle.txt,1901,fa2sd4adatasetsj8fas17151,1,0,0,0
1901_fa2sd4adatasetsj8fas17151_420_1629892099_1629893096_209_obstacle.txt,1901,fa2sd4adatasetsj8fas17151,2,1,0,0
1901_fa2sd4adatasetsj8fas17151_420_1629892099_1629893096_209_obstacle.txt,1901,fa2sd4adatasetsj8fas17151,3,1,0,0
1901_fa2sd4adatasetsj8fas17151_420_1629892099_1629893096_209_obstacle.txt,1901,fa2sd4adatasetsj8fas17151,4,0,0,0
1901_fa2sd4adatasetsj8fas17151_420_1629892099_1629893096_209_obstacle.txt,1901,fa2sd4adatasetsj8fas17151,5,1,0,0
1901_fa2sd4adatasetsj8fas17151_420_1629892099_1629893096_209_obstacle.txt,1901,fa2sd4adatasetsj8fas17151,6,1,0,0
1901_fa2sd4adatasetsj8fas17151_420_1629892099_1629893096_209_obstacle.txt,1901,fa2sd4adatasetsj8fas17151,7,0,0,0
1901_fa2sd4adatasetsj8fas17151_420_1629892099_1629893096_209_obstacle.txt,1901,fa2sd4adatasetsj8fas17151,8,0,0,0
1901_fa2sd4adatasetsj8fas17151_420_1629892099_1629893096_209_obstacle.txt,1901,fa2sd4adatasetsj8fas17151,9,0,0,0
1901_fa2sd4adatasetsj8fas17151_420_1629892099_1629893096_209_obstacle.txt,1901,fa2sd4adatasetsj8fas17151,10,1,0,0
1901_fa2sd4adatasetsj8fas17151_420_1629892099_1629893096_209_obstacle.txt,1901,fa2sd4adatasetsj8fas17151,11,1,0,0
1901_fa2sd4adatasetsj8fas17151_420_1629892099_1629893096_209_obstacle.txt,1901,fa2sd4adatasetsj8fas17151,12,1,0,0
1901_fa2sd4adatasetsj8fas17151_420_1629892099_1629893096_209_obstacle.txt,1901,fa2sd4adatasetsj8fas17151,13,0,0,0
1901_fa2sd4adatasetsj8fas17151_420_1629892099_1629893096_209_obstacle.txt,1901,fa2sd4adatasetsj8fas17151,14,1,0,0
1901_fa2sd4adatasetsj8fas17151_420_1629892099_1629893096_209_obstacle.txt,1901,fa2sd4adatasetsj8fas17151,15,1,0,0
1901_fa2sd4adatasetsj8fas17151_420_1629892099_1629893096_209_obstacle.txt,1901,fa2sd4adatasetsj8fas17151,16,1,0,0
1901_fa2sd4adatasetsj8fas17151_420_1629892099_1629893096_209_obstacle.txt,1901,fa2sd4adatasetsj8fas17151,17,0,0,0
1901_fa2sd4adatasetsj8fas17151_420_1629892099_1629893096_24_obstacle.txt,1901,fa2sd4adatasetsj8fas17151,1,0,0,1
1901_fa2sd4adatasetsj8fas17151_420_1629892099_1629893096_24_obstacle.txt,1901,fa2sd4adatasetsj8fas17151,2,0,0,0
1901_fa2sd4adatasetsj8fas17151_420_1629892099_1629893096_24_obstacle.txt,1901,fa2sd4adatasetsj8fas17151,3,0,0,1
1901_fa2sd4adatasetsj8fas17151_420_1629892099_1629893096_24_obstacle.txt,1901,fa2sd4adatasetsj8fas17151,4,0,0,1
1901_fa2sd4adatasetsj8fas17151_420_1629892099_1629893096_24_obstacle.txt,1901,fa2sd4adatasetsj8fas17151,5,0,0,1
1901_fa2sd4adatasetsj8fas17151_420_1629892099_1629893096_24_obstacle.txt,1901,fa2sd4adatasetsj8fas17151,6,0,0,1
1901_fa2sd4adatasetsj8fas17151_420_1629892099_1629893096_24_obstacle.txt,1901,fa2sd4adatasetsj8fas17151,7,0,0,1
1901_fa2sd4adatasetsj8fas17151_420_1629893099_1629894100_107_obstacle.txt,1901,fa2sd4adatasetsj8fas17151,1,0,1,0
1901_fa2sd4adatasetsj8fas17151_420_1629893099_1629894100_107_obstacle.txt,1901,fa2sd4adatasetsj8fas17151,2,0,1,0
1901_fa2sd4adatasetsj8fas17151_420_1629893099_1629894100_107_obstacle.txt,1901,fa2sd4adatasetsj8fas17151,3,0,1,0
1901_fa2sd4adatasetsj8fas17151_420_1629893099_1629894100_107_obstacle.txt,1901,fa2sd4adatasetsj8fas17151,4,0,1,0
1901_fa2sd4adatasetsj8fas17151_420_1629893099_1629894100_107_obstacle.txt,1901,fa2sd4adatasetsj8fas17151,5,0,0,0
1901_fa2sd4adatasetsj8fas17151_420_1629893099_1629894100_107_obstacle.txt,1901,fa2sd4adatasetsj8fas17151,6,0,0,0
1901_fa2sd4adatasetsj8fas17151_420_1629893099_1629894100_107_obstacle.txt,1901,fa2sd4adatasetsj8fas17151,7,0,0,0
1901_fa2sd4adatasetsj8fas17151_420_1629893099_1629894100_107_obstacle.txt,1901,fa2sd4adatasetsj8fas17151,8,0,1,0
1901_fa2sd4adatasetsj8fas17151_420_1629893099_1629894100_107_obstacle.txt,1901,fa2sd4adatasetsj8fas17151,9,0,0,0
1901_fa2sd4adatasetsj8fas17151_420_1629893099_1629894100_107_obstacle.txt,1901,fa2sd4adatasetsj8fas17151,10,0,1,0
1901_fa2sd4adatasetsj8fas17151_420_1629893099_1629894100_107_obstacle.txt,1901,fa2sd4adatasetsj8fas17151,11,0,1,0
1901_fa2sd4adatasetsj8fas17151_420_1629893099_1629894100_107_obstacle.txt,1901,fa2sd4adatasetsj8fas17151,12,0,1,0
1901_fa2sd4adatasetsj8fas17151_420_1629893099_1629894100_107_obstacle.txt,1901,fa2sd4adatasetsj8fas17151,13,0,1,0
1901_fa2sd4adatasetsj8fas17151_420_1629893099_1629894100_163_obstacle.txt,1901,fa2sd4adatasetsj8fas17151,1,0,0,0
1901_fa2sd4adatasetsj8fas17151_420_1629893099_1629894100_163_obstacle.txt,1901,fa2sd4adatasetsj8fas17151,2,0,0,0
1901_fa2sd4adatasetsj8fas17151_420_1629893099_1629894100_163_obstacle.txt,1901,fa2sd4adatasetsj8fas17151,3,1,0,0
1901_fa2sd4adatasetsj8fas17151_420_1629893099_1629894100_163_obstacle.txt,1901,fa2sd4adatasetsj8fas17151,4,0,0,0
1901_fa2sd4adatasetsj8fas17151_420_1629893099_1629894100_163_obstacle.txt,1901,fa2sd4adatasetsj8fas17151,5,0,0,0
1901_fa2sd4adatasetsj8fas17151_420_1629893099_1629894100_163_obstacle.txt,1901,fa2sd4adatasetsj8fas17151,6,0,0,0
1901_fa2sd4adatasetsj8fas17151_420_1629893099_1629894100_163_obstacle.txt,1901,fa2sd4adatasetsj8fas17151,7,0,0,0
1901_fa2sd4adatasetsj8fas17151_420_1629893099_1629894100_163_obstacle.txt,1901,fa2sd4adatasetsj8fas17151,8,0,0,0
1901_fa2sd4adatasetsj8fas17151_420_1629893099_1629894100_163_obstacle.txt,1901,fa2sd4adatasetsj8fas17151,9,0,0,0
1901_fa2sd4adatasetsj8fas17151_420_1629893099_1629894100_163_obstacle.txt,1901,fa2sd4adatasetsj8fas17151,10,0,0,0
1901_fa2sd4adatasetsj8fas17151_420_1629893099_1629894100_163_obstacle.txt,1901,fa2sd4adatasetsj8fas17151,11,0,0,0
1901_fa2sd4adatasetsj8fas17151_420_1629893099_1629894100_163_obstacle.txt,1901,fa2sd4adatasetsj8fas17151,12,0,0,0
1901_fa2sd4adatasetsj8fas17151_420_1629893099_1629894100_163_obstacle.txt,1901,fa2sd4adatasetsj8fas17151,13,1,0,0
1901_fa2sd4adatasetsj8fas17151_420_1629893099_1629894100_163_obstacle.txt,1901,fa2sd4adatasetsj8fas17151,14,0,0,0
1901_fa2sd4adatasetsj8fas17151_420_1629893099_1629894100_163_obstacle.txt,1901,fa2sd4adatasetsj8fas17151,15,0,0,0
1901_fa2sd4adatasetsj8fas17151_420_1629893099_1629894100_163_obstacle.txt,1901,fa2sd4adatasetsj8fas17151,16,0,0,0
1901_fa2sd4adatasetsj8fas17151_420_1629893099_1629894100_163_obstacle.txt,1901,fa2sd4adatasetsj8fas17151,17,0,0,0
1901_fa2sd4adatasetsj8fas17151_420_1629893099_1629894100_163_obstacle.txt,1901,fa2sd4adatasetsj8fas17151,18,0,0,0
1901_fa2sd4adatasetsj8fas17151_420_1629893099_1629894100_163_obstacle.txt,1901,fa2sd4adatasetsj8fas17151,19,0,0,0
1901_fa2sd4adatasetsj8fas17151_420_1629893099_1629894100_163_obstacle.txt,1901,fa2sd4adatasetsj8fas17151,20,0,0,0
1901_fa2sd4adatasetsj8fas17151_420_1629893099_1629894100_195_obstacle.txt,1901,fa2sd4adatasetsj8fas17151,1,1,0,0
1901_fa2sd4adatasetsj8fas17151_420_1629893099_1629894100_195_obstacle.txt,1901,fa2sd4adatasetsj8fas17151,2,0,0,0
1901_fa2sd4adatasetsj8fas17151_420_1629893099_1629894100_195_obstacle.txt,1901,fa2sd4adatasetsj8fas17151,3,1,0,0
1901_fa2sd4adatasetsj8fas17151_420_1629893099_1629894100_195_obstacle.txt,1901,fa2sd4adatasetsj8fas17151,4,0,0,0
1901_fa2sd4adatasetsj8fas17151_420_1629893099_1629894100_195_obstacle.txt,1901,fa2sd4adatasetsj8fas17151,5,1,0,0
1901_fa2sd4adatasetsj8fas17151_420_1629893099_1629894100_195_obstacle.txt,1901,fa2sd4adatasetsj8fas17151,6,1,0,0
1901_fa2sd4adatasetsj8fas17151_420_1629893099_1629894100_195_obstacle.txt,1901,fa2sd4adatasetsj8fas17151,7,1,0,0
1901_fa2sd4adatasetsj8fas17151_420_1629893099_1629894100_195_obstacle.txt,1901,fa2sd4adatasetsj8fas17151,8,1,0,0
1901_fa2sd4adatasetsj8fas17151_420_1629893099_1629894100_195_obstacle.txt,1901,fa2sd4adatasetsj8fas17151,9,1,0,0
1901_fa2sd4adatasetsj8fas17151_420_1629893099_1629894100_195_obstacle.txt,1901,fa2sd4adatasetsj8fas17151,10,0,0,0
1901_fa2sd4adatasetsj8fas17151_420_1629893099_1629894100_195_obstacle.txt,1901,fa2sd4adatasetsj8fas17151,11,1,0,0
1901_fa2sd4adatasetsj8fas17151_420_1629894103_1629895097_89_obstacle.txt,1901,fa2sd4adatasetsj8fas17151,1,1,0,0
1901_fa2sd4adatasetsj8fas17151_420_1629894103_1629895097_89_obstacle.txt,1901,fa2sd4adatasetsj8fas17151,2,1,0,0
1901_fa2sd4adatasetsj8fas17151_420_1629894103_1629895097_89_obstacle.txt,1901,fa2sd4adatasetsj8fas17151,3,1,0,0
1901_fa2sd4adatasetsj8fas17151_420_1629894103_1629895097_89_obstacle.txt,1901,fa2sd4adatasetsj8fas17151,4,1,0,0
1901_fa2sd4adatasetsj8fas17151_420_1629894103_1629895097_89_obstacle.txt,1901,fa2sd4adatasetsj8fas17151,5,0,0,0
1901_fa2sd4adatasetsj8fas17151_420_1629894103_1629895097_89_obstacle.txt,1901,fa2sd4adatasetsj8fas17151,6,0,0,0
1901_fa2sd4adatasetsj8fas17151_420_1629894103_1629895097_89_obstacle.txt,1901,fa2sd4adatasetsj8fas17151,7,1,0,0
1901_fa2sd4adatasetsj8fas17151_420_1629894103_1629895097_89_obstacle.txt,1901,fa2sd4adatasetsj8fas17151,8,0,0,0
1901_fa2sd4adatasetsj8fas17151_420_1629894103_1629895097_89_obstacle.txt,1901,fa2sd4adatasetsj8fas17151,9,1,0,0
1901_fa2sd4adatasetsj8fas17151_420_1629894103_1629895097_89_obstacle.txt,1901,fa2sd4adatasetsj8fas17151,10,1,0,0
1901_fa2sd4adatasetsj8fas17151_420_1629894103_1629895097_89_obstacle.txt,1901,fa2sd4adatasetsj8fas17151,11,0,0,0
1901_fa2sd4adatasetsj8fas17151_420_1629894103_1629895097_89_obstacle.txt,1901,fa2sd4adatasetsj8fas17151,12,1,0,0
1901_fa2sd4adatasetsj8fas17151_420_1629894103_1629895097_89_obstacle.txt,1901,fa2sd4adatasetsj8fas17151,13,1,0,0
1901_fa2sd4adatasetsj8fas17151_420_1629894103_1629895097_89_obstacle.txt,1901,fa2sd4adatasetsj8fas17151,14,1,0,0
1901_fa2sd4adatasetsj8fas17151_420_1629894103_1629895097_89_obstacle.txt,1901,fa2sd4adatasetsj8fas17151,15,0,0,0
1901_fa2sd4adatasetsj8fas17151_420_1629894103_1629895097_89_obstacle.txt,1901,fa2sd4adatasetsj8fas17151,16,1,0,0
1901_fa2sd4adatasetsj8fas23152_420_1629921602_1629923098_204_obstacle.txt,1901,fa2sd4adatasetsj8fas23152,1,0,1,0
1901_fa2sd4adatasetsj8fas23152_420_1629924603_1629926099_30_obstacle.txt,1901,fa2sd4adatasetsj8fas23152,1,1,0,0
1901_fa2sd4adatasetsj8fas23152_420_1629926104_1629927604_177_obstacle.txt,1901,fa2sd4adatasetsj8fas23152,1,0,1,0
61831_fa2sd4a2West152_420_1625824638_1625825007_124_obstacle.txt,61831,fa2sd4a2West152,1,0,0,0
61831_fa2sd4a2West152_420_1625824638_1625825007_124_obstacle.txt,61831,fa2sd4a2West152,2,1,0,0
61831_fa2sd4a2West152_420_1625824638_1625825007_124_obstacle.txt,61831,fa2sd4a2West152,3,0,0,0
61831_fa2sd4a2West152_420_1625824638_1625825007_124_obstacle.txt,61831,fa2sd4a2West152,4,0,0,0
61831_fa2sd4a2West152_420_1625824638_1625825007_124_obstacle.txt,61831,fa2sd4a2West152,5,1,0,0
61831_fa2sd4a2West152_420_1625824638_1625825007_124_obstacle.txt,61831,fa2sd4a2West152,6,1,0,0
61831_fa2sd4a2West152_420_1625824638_1625825007_124_obstacle.txt,61831,fa2sd4a2West152,7,0,0,0
61831_fa2sd4a2West152_420_1625824638_1625825007_124_obstacle.txt,61831,fa2sd4a2West152,8,0,0,0
61831_fa2sd4a2West152_420_1625824638_1625825007_124_obstacle.txt,61831,fa2sd4a2West152,9,0,0,0
61831_fa2sd4a2West152_420_1625824638_1625825007_124_obstacle.txt,61831,fa2sd4a2West152,10,1,0,0
61831_fa2sd4a2West152_420_1625824638_1625825007_124_obstacle.txt,61831,fa2sd4a2West152,11,1,0,0
61831_fa2sd4a2West152_420_1625824638_1625825007_124_obstacle.txt,61831,fa2sd4a2West152,12,0,0,0
61831_fa2sd4a2West152_420_1625824638_1625825007_124_obstacle.txt,61831,fa2sd4a2West152,13,0,0,0
61831_fa2sd4a2West152_420_1625824638_1625825007_124_obstacle.txt,61831,fa2sd4a2West152,14,0,0,0
61831_fa2sd4a2West152_420_1625824638_1625825007_124_obstacle.txt,61831,fa2sd4a2West152,15,1,0,0
61831_fa2sd4a2West152_420_1625824638_1625825007_124_obstacle.txt,61831,fa2sd4a2West152,16,0,0,0
61831_fa2sd4a2West152_420_1625824638_1625825007_124_obstacle.txt,61831,fa2sd4a2West152,17,0,0,0
61831_fa2sd4a2West152_420_1625824638_1625825007_124_obstacle.txt,61831,fa2sd4a2West152,18,0,0,0
61831_fa2sd4a2West152_420_1625824638_1625825007_124_obstacle.txt,61831,fa2sd4a2West152,19,0,0,0
61831_fa2sd4a2West152_420_1625824638_1625825007_124_obstacle.txt,61831,fa2sd4a2West152,20,0,0,0
61831_fa2sd4a2West152_420_1625824638_1625825007_124_obstacle.txt,61831,fa2sd4a2West152,21,1,0,0
61831_fa2sd4a2West152_420_1625824638_1625825007_124_obstacle.txt,61831,fa2sd4a2West152,22,0,0,0
61831_fa2sd4a2West152_420_1625824638_1625825007_124_obstacle.txt,61831,fa2sd4a2West152,23,1,0,0
61831_fa2sd4a2West152_420_1625824638_1625825007_124_obstacle.txt,61831,fa2sd4a2West152,24,1,0,0
61831_fa2sd4a2West152_420_1625824638_1625825007_124_obstacle.txt,61831,fa2sd4a2West152,25,1,0,0
61831_fa2sd4a2West152_420_1625824638_1625825007_124_obstacle.txt,61831,fa2sd4a2West152,26,0,0,0
61831_fa2sd4a2West152_420_1625824638_1625825007_124_obstacle.txt,61831,fa2sd4a2West152,27,0,0,0
61831_fa2sd4a2West152_420_1625824638_1625825007_124_obstacle.txt,61831,fa2sd4a2West152,28,0,0,0
61831_fa2sd4a2West152_420_1625824638_1625825007_124_obstacle.txt,61831,fa2sd4a2West152,29,0,0,0
61831_fa2sd4a2West152_420_1625824638_1625825007_124_obstacle.txt,61831,fa2sd4a2West152,30,0,0,0
61831_fa2sd4a2West152_420_1625824638_1625825007_124_obstacle.txt,61831,fa2sd4a2West152,31,0,0,0
61831_fa2sd4a2West152_420_1625824638_1625825007_124_obstacle.txt,61831,fa2sd4a2West152,32,0,0,0
61831_fa2sd4a2West152_420_1625824638_1625825007_81_obstacle.txt,61831,fa2sd4a2West152,1,0,0,0
61831_fa2sd4a2West152_420_1625824638_1625825007_81_obstacle.txt,61831,fa2sd4a2West152,2,0,1,0
61831_fa2sd4a2West152_420_1625824638_1625825007_81_obstacle.txt,61831,fa2sd4a2West152,3,0,1,0
61831_fa2sd4a2West152_420_1625824638_1625825007_81_obstacle.txt,61831,fa2sd4a2West152,4,0,1,0
61831_fa2sd4a2West152_420_1625824638_1625825007_81_obstacle.txt,61831,fa2sd4a2West152,5,0,0,0
61831_fa2sd4a2West152_420_1625824638_1625825007_81_obstacle.txt,61831,fa2sd4a2West152,6,0,1,0
61831_fa2sd4a2West152_420_1625824638_1625825007_81_obstacle.txt,61831,fa2sd4a2West152,7,0,1,0
61831_fa2sd4a2West152_420_1625824638_1625825007_81_obstacle.txt,61831,fa2sd4a2West152,8,0,1,0
61831_fa2sd4a2West152_420_1625824638_1625825007_81_obstacle.txt,61831,fa2sd4a2West152,9,0,1,0
61831_fa2sd4a2West152_420_1625824638_1625825007_81_obstacle.txt,61831,fa2sd4a2West152,10,0,1,0
61831_fa2sd4a2West152_420_1625824638_1625825007_81_obstacle.txt,61831,fa2sd4a2West152,11,0,1,0
61831_fa2sd4a2West152_420_1625824638_1625825007_81_obstacle.txt,61831,fa2sd4a2West152,12,0,0,0
61831_fa2sd4a2West152_420_1625824638_1625825007_81_obstacle.txt,61831,fa2sd4a2West152,13,0,1,0
61831_fa2sd4a2West152_420_1625824638_1625825007_81_obstacle.txt,61831,fa2sd4a2West152,14,0,0,0
61831_fa2sd4a2West152_420_1625824638_1625825007_81_obstacle.txt,61831,fa2sd4a2West152,15,0,0,0
61831_fa2sd4a2West152_420_1625824638_1625825007_81_obstacle.txt,61831,fa2sd4a2West152,16,0,0,0
61831_fa2sd4a2West152_420_1625824638_1625825007_81_obstacle.txt,61831,fa2sd4a2West152,17,0,0,0
61831_fa2sd4a2West152_420_1625824638_1625825007_81_obstacle.txt,61831,fa2sd4a2West152,18,0,1,0
61831_fa2sd4a2West152_420_1625824638_1625825007_81_obstacle.txt,61831,fa2sd4a2West152,19,0,0,0
61831_fa2sd4a2West152_420_1625824638_1625825007_81_obstacle.txt,61831,fa2sd4a2West152,20,0,0,0
61831_fa2sd4a2West152_420_1625824638_1625825007_81_obstacle.txt,61831,fa2sd4a2West152,21,0,1,0
61831_fa2sd4a2West152_420_1625824638_1625825007_81_obstacle.txt,61831,fa2sd4a2West152,22,0,0,0
61831_fa2sd4a2West152_420_1625824638_1625825007_81_obstacle.txt,61831,fa2sd4a2West152,23,0,0,0
61831_fa2sd4a2West152_420_1625824638_1625825007_81_obstacle.txt,61831,fa2sd4a2West152,24,0,1,0
61831_fa2sd4a2West152_420_1625824638_1625825007_81_obstacle.txt,61831,fa2sd4a2West152,25,0,0,0
61831_fa2sd4a2West152_420_1625824638_1625825007_81_obstacle.txt,61831,fa2sd4a2West152,26,0,1,0
61831_fa2sd4a2West152_420_1625824638_1625825007_81_obstacle.txt,61831,fa2sd4a2West152,27,0,1,0
61831_fa2sd4a2West152_420_1625824638_1625825007_81_obstacle.txt,61831,fa2sd4a2West152,28,0,1,0
61831_fa2sd4a2West152_420_1625824638_1625825007_81_obstacle.txt,61831,fa2sd4a2West152,29,0,1,0
61831_fa2sd4a2West152_420_1625824638_1625825007_81_obstacle.txt,61831,fa2sd4a2West152,30,0,0,0
61831_fa2sd4a2West152_420_1625824638_1625825007_81_obstacle.txt,61831,fa2sd4a2West152,31,0,1,0
61831_fa2sd4a2West152_420_1625824638_1625825007_81_obstacle.txt,61831,fa2sd4a2West152,32,0,1,0
61831_fa2sd4a2West152_420_1625824638_1625825007_81_obstacle.txt,61831,fa2sd4a2West152,33,0,0,0
61831_fa2sd4a2West152_420_1625824638_1625825007_81_obstacle.txt,61831,fa2sd4a2West152,34,0,0,0
61832_fa2sd4a2West152_420_1625823527_1625823896_59_obstacle.txt,61832,fa2sd4a2West152,1,0,0,0
61832_fa2sd4a2West152_420_1625823527_1625823896_59_obstacle.txt,61832,fa2sd4a2West152,2,0,0,0
61832_fa2sd4a2West152_420_1625823527_1625823896_59_obstacle.txt,61832,fa2sd4a2West152,3,1,0,0
61832_fa2sd4a2West152_420_1625823527_1625823896_59_obstacle.txt,61832,fa2sd4a2West152,4,1,0,0
61832_fa2sd4a2West152_420_1625823527_1625823896_59_obstacle.txt,61832,fa2sd4a2West152,5,0,0,0
61832_fa2sd4a2West152_420_1625823527_1625823896_59_obstacle.txt,61832,fa2sd4a2West152,6,1,0,0
61832_fa2sd4a2West152_420_1625823527_1625823896_59_obstacle.txt,61832,fa2sd4a2West152,7,0,0,0
61832_fa2sd4a2West152_420_1625823527_1625823896_59_obstacle.txt,61832,fa2sd4a2West152,8,1,0,0
61832_fa2sd4a2West152_420_1625823527_1625823896_59_obstacle.txt,61832,fa2sd4a2West152,9,0,0,0
61832_fa2sd4a2West152_420_1625823527_1625823896_59_obstacle.txt,61832,fa2sd4a2West152,10,1,0,0
61832_fa2sd4a2West152_420_1625823527_1625823896_59_obstacle.txt,61832,fa2sd4a2West152,11,0,0,0
61832_fa2sd4a2West152_420_1625823527_1625823896_59_obstacle.txt,61832,fa2sd4a2West152,12,0,0,0
61832_fa2sd4a2West152_420_1625823527_1625823896_59_obstacle.txt,61832,fa2sd4a2West152,13,0,0,0
61832_fa2sd4a2West152_420_1625823527_1625823896_59_obstacle.txt,61832,fa2sd4a2West152,14,0,0,0
61832_fa2sd4a2West152_420_1625823527_1625823896_59_obstacle.txt,61832,fa2sd4a2West152,15,1,0,0
61832_fa2sd4a2West152_420_1625823527_1625823896_59_obstacle.txt,61832,fa2sd4a2West152,16,0,0,0
61832_fa2sd4a2West152_420_1625823527_1625823896_59_obstacle.txt,61832,fa2sd4a2West152,17,0,0,0
61832_fa2sd4a2West152_420_1625823527_1625823896_59_obstacle.txt,61832,fa2sd4a2West152,18,0,0,0
61832_fa2sd4a2West152_420_1625823527_1625823896_59_obstacle.txt,61832,fa2sd4a2West152,19,1,0,0
61832_fa2sd4a2West152_420_1625823527_1625823896_59_obstacle.txt,61832,fa2sd4a2West152,20,0,0,0
61832_fa2sd4a2West152_420_1625823527_1625823896_59_obstacle.txt,61832,fa2sd4a2West152,21,0,0,0
61832_fa2sd4a2West152_420_1625823527_1625823896_59_obstacle.txt,61832,fa2sd4a2West152,22,1,0,0
61832_fa2sd4a2West152_420_1625823527_1625823896_59_obstacle.txt,61832,fa2sd4a2West152,23,1,0,0
61832_fa2sd4a2West152_420_1625823527_1625823896_59_obstacle.txt,61832,fa2sd4a2West152,24,0,0,0
61832_fa2sd4a2West152_420_1625823527_1625823896_59_obstacle.txt,61832,fa2sd4a2West152,25,1,0,0
61832_fa2sd4a2West152_420_1625823527_1625823896_59_obstacle.txt,61832,fa2sd4a2West152,26,1,0,0
61832_fa2sd4a2West152_420_1625823527_1625823896_59_obstacle.txt,61832,fa2sd4a2West152,27,1,0,0
61833_fa2sd4a2West152_420_1625823897_1625824266_56_obstacle.txt,61833,fa2sd4a2West152,1,0,0,0
61833_fa2sd4a2West152_420_1625823897_1625824266_56_obstacle.txt,61833,fa2sd4a2West152,2,0,0,0
61833_fa2sd4a2West152_420_1625823897_1625824266_56_obstacle.txt,61833,fa2sd4a2West152,3,0,0,0
61833_fa2sd4a2West152_420_1625823897_1625824266_56_obstacle.txt,61833,fa2sd4a2West152,4,0,0,0
61833_fa2sd4a2West152_420_1625823897_1625824266_56_obstacle.txt,61833,fa2sd4a2West152,5,0,0,0
61833_fa2sd4a2West152_420_1625823897_1625824266_56_obstacle.txt,61833,fa2sd4a2West152,6,0,0,0
61833_fa2sd4a2West152_420_1625823897_1625824266_56_obstacle.txt,61833,fa2sd4a2West152,7,0,0,0
61833_fa2sd4a2West152_420_1625823897_1625824266_56_obstacle.txt,61833,fa2sd4a2West152,8,0,0,0
61833_fa2sd4a2West152_420_1625823897_1625824266_56_obstacle.txt,61833,fa2sd4a2West152,9,0,0,0
61833_fa2sd4a2West152_420_1625823897_1625824266_56_obstacle.txt,61833,fa2sd4a2West152,10,0,0,0
61833_fa2sd4a2West152_420_1625823897_1625824266_56_obstacle.txt,61833,fa2sd4a2West152,11,0,0,0
61833_fa2sd4a2West152_420_1625823897_1625824266_56_obstacle.txt,61833,fa2sd4a2West152,12,0,0,0
61833_fa2sd4a2West152_420_1625823897_1625824266_56_obstacle.txt,61833,fa2sd4a2West152,13,0,0,0
61833_fa2sd4a2West152_420_1625823897_1625824266_56_obstacle.txt,61833,fa2sd4a2West152,14,0,0,0
61833_fa2sd4a2West152_420_1625823897_1625824266_56_obstacle.txt,61833,fa2sd4a2West152,15,0,0,0
61833_fa2sd4a2West152_420_1625823897_1625824266_56_obstacle.txt,61833,fa2sd4a2West152,16,0,0,0
61833_fa2sd4a2West152_420_1625823897_1625824266_56_obstacle.txt,61833,fa2sd4a2West152,17,0,0,0
61833_fa2sd4a2West152_420_1625823897_1625824266_56_obstacle.txt,61833,fa2sd4a2West152,18,0,0,0
61833_fa2sd4a2West152_420_1625823897_1625824266_56_obstacle.txt,61833,fa2sd4a2West152,19,0,0,0
61833_fa2sd4a2West152_420_1625823897_1625824266_56_obstacle.txt,61833,fa2sd4a2West152,20,0,0,0
61833_fa2sd4a2West152_420_1625823897_1625824266_56_obstacle.txt,61833,fa2sd4a2West152,21,0,0,0
61833_fa2sd4a2West152_420_1625823897_1625824266_56_obstacle.txt,61833,fa2sd4a2West152,22,0,0,0
61833_fa2sd4a2West152_420_1625823897_1625824266_56_obstacle.txt,61833,fa2sd4a2West152,23,0,0,0
61833_fa2sd4a2West152_420_1625823897_1625824266_56_obstacle.txt,61833,fa2sd4a2West152,24,0,0,0
61833_fa2sd4a2West152_420_1625823897_1625824266_56_obstacle.txt,61833,fa2sd4a2West152,25,0,1,0
61833_fa2sd4a2West152_420_1625823897_1625824266_56_obstacle.txt,61833,fa2sd4a2West152,26,0,0,0
61833_fa2sd4a2West152_420_1625823897_1625824266_56_obstacle.txt,61833,fa2sd4a2West152,27,0,0,0
61833_fa2sd4a2West152_420_1625823897_1625824266_56_obstacle.txt,61833,fa2sd4a2West152,28,0,0,0
61833_fa2sd4a2West152_420_1625823897_1625824266_56_obstacle.txt,61833,fa2sd4a2West152,29,0,0,0
61833_fa2sd4a2West152_420_1625823897_1625824266_56_obstacle.txt,61833,fa2sd4a2West152,30,0,0,0
61833_fa2sd4a2West152_420_1625823897_1625824266_56_obstacle.txt,61833,fa2sd4a2West152,31,0,0,0
61833_fa2sd4a2West152_420_1625823897_1625824266_56_obstacle.txt,61833,fa2sd4a2West152,32,0,1,0
61833_fa2sd4a2West152_420_1625823897_1625824266_56_obstacle.txt,61833,fa2sd4a2West152,33,0,0,0
61833_fa2sd4a2West152_420_1625823897_1625824266_56_obstacle.txt,61833,fa2sd4a2West152,34,0,0,0
61833_fa2sd4a2West152_420_1625823897_1625824266_56_obstacle.txt,61833,fa2sd4a2West152,35,0,0,0
61833_fa2sd4a2West152_420_1625823897_1625824266_56_obstacle.txt,61833,fa2sd4a2West152,36,0,0,0
61833_fa2sd4a2West152_420_1625823897_1625824266_56_obstacle.txt,61833,fa2sd4a2West152,37,0,0,0
61833_fa2sd4a2West152_420_1625823897_1625824266_56_obstacle.txt,61833,fa2sd4a2West152,38,0,0,0
61833_fa2sd4a2West152_420_1625823897_1625824266_56_obstacle.txt,61833,fa2sd4a2West152,39,0,0,0
61833_fa2sd4a2West152_420_1625823897_1625824266_56_obstacle.txt,61833,fa2sd4a2West152,40,0,0,0
61833_fa2sd4a2West152_420_1625823897_1625824266_56_obstacle.txt,61833,fa2sd4a2West152,41,0,0,0
61833_fa2sd4a2West152_420_1625823897_1625824266_56_obstacle.txt,61833,fa2sd4a2West152,42,0,0,0
61833_fa2sd4a2West152_420_1625823897_1625824266_87_obstacle.txt,61833,fa2sd4a2West152,1,0,0,0
61833_fa2sd4a2West152_420_1625823897_1625824266_87_obstacle.txt,61833,fa2sd4a2West152,2,1,1,0
61833_fa2sd4a2West152_420_1625823897_1625824266_87_obstacle.txt,61833,fa2sd4a2West152,3,0,0,0
61833_fa2sd4a2West152_420_1625823897_1625824266_87_obstacle.txt,61833,fa2sd4a2West152,4,1,1,0
61833_fa2sd4a2West152_420_1625823897_1625824266_87_obstacle.txt,61833,fa2sd4a2West152,5,0,0,0
61833_fa2sd4a2West152_420_1625823897_1625824266_87_obstacle.txt,61833,fa2sd4a2West152,6,0,0,0
61833_fa2sd4a2West152_420_1625823897_1625824266_87_obstacle.txt,61833,fa2sd4a2West152,7,0,0,0
61833_fa2sd4a2West152_420_1625823897_1625824266_87_obstacle.txt,61833,fa2sd4a2West152,8,0,0,0
61833_fa2sd4a2West152_420_1625823897_1625824266_87_obstacle.txt,61833,fa2sd4a2West152,9,1,1,0
61833_fa2sd4a2West152_420_1625823897_1625824266_87_obstacle.txt,61833,fa2sd4a2West152,10,0,0,0
61833_fa2sd4a2West152_420_1625823897_1625824266_87_obstacle.txt,61833,fa2sd4a2West152,11,0,0,0
61833_fa2sd4a2West152_420_1625823897_1625824266_87_obstacle.txt,61833,fa2sd4a2West152,12,0,0,0
61833_fa2sd4a2West152_420_1625823897_1625824266_87_obstacle.txt,61833,fa2sd4a2West152,13,0,0,0
61833_fa2sd4a2West152_420_1625823897_1625824266_87_obstacle.txt,61833,fa2sd4a2West152,14,0,0,0
61833_fa2sd4a2West152_420_1625823897_1625824266_87_obstacle.txt,61833,fa2sd4a2West152,15,0,0,0
61833_fa2sd4a2West152_420_1625823897_1625824266_87_obstacle.txt,61833,fa2sd4a2West152,16,1,1,0
61833_fa2sd4a2West152_420_1625823897_1625824266_87_obstacle.txt,61833,fa2sd4a2West152,17,1,1,0
61833_fa2sd4a2West152_420_1625823897_1625824266_87_obstacle.txt,61833,fa2sd4a2West152,18,1,1,0
61833_fa2sd4a2West152_420_1625823897_1625824266_87_obstacle.txt,61833,fa2sd4a2West152,19,1,1,0
61833_fa2sd4a2West152_420_1625823897_1625824266_87_obstacle.txt,61833,fa2sd4a2West152,20,0,0,0
61833_fa2sd4a2West152_420_1625823897_1625824266_87_obstacle.txt,61833,fa2sd4a2West152,21,1,1,0
61833_fa2sd4a2West152_420_1625823897_1625824266_87_obstacle.txt,61833,fa2sd4a2West152,22,1,1,0
61833_fa2sd4a2West152_420_1625823897_1625824266_87_obstacle.txt,61833,fa2sd4a2West152,23,1,1,0
61833_fa2sd4a2West152_420_1625823897_1625824266_87_obstacle.txt,61833,fa2sd4a2West152,24,0,0,0
61833_fa2sd4a2West152_420_1625823897_1625824266_87_obstacle.txt,61833,fa2sd4a2West152,25,0,0,0
61833_fa2sd4a2West152_420_1625823897_1625824266_87_obstacle.txt,61833,fa2sd4a2West152,26,0,0,0
61833_fa2sd4a2West152_420_1625823897_1625824266_87_obstacle.txt,61833,fa2sd4a2West152,27,1,1,0
61833_fa2sd4a2West152_420_1625823897_1625824266_87_obstacle.txt,61833,fa2sd4a2West152,28,1,1,0
61833_fa2sd4a2West152_420_1625823897_1625824266_87_obstacle.txt,61833,fa2sd4a2West152,29,1,1,0
61833_fa2sd4a2West152_420_1625823897_1625824266_87_obstacle.txt,61833,fa2sd4a2West152,30,1,1,0
61833_fa2sd4a2West152_420_1625823897_1625824266_87_obstacle.txt,61833,fa2sd4a2West152,31,1,1,0
61833_fa2sd4a2West152_420_1625823897_1625824266_87_obstacle.txt,61833,fa2sd4a2West152,32,0,0,0
61833_fa2sd4a2West152_420_1625823897_1625824266_87_obstacle.txt,61833,fa2sd4a2West152,33,1,1,0
61833_fa2sd4a2West152_420_1625823897_1625824266_87_obstacle.txt,61833,fa2sd4a2West152,34,0,0,0
62018_fa2sd4adatasetNorth151_420_1625824281_1625824654_153_obstacle.txt,62018,fa2sd4adatasetNorth151,1,0,0,0
62018_fa2sd4adatasetNorth151_420_1625824281_1625824654_153_obstacle.txt,62018,fa2sd4adatasetNorth151,2,1,0,0
62018_fa2sd4adatasetNorth151_420_1625824281_1625824654_153_obstacle.txt,62018,fa2sd4adatasetNorth151,3,1,0,0
62018_fa2sd4adatasetNorth151_420_1625824281_1625824654_153_obstacle.txt,62018,fa2sd4adatasetNorth151,4,0,0,0
62018_fa2sd4adatasetNorth151_420_1625824281_1625824654_153_obstacle.txt,62018,fa2sd4adatasetNorth151,5,0,0,0
62018_fa2sd4adatasetNorth151_420_1625824281_1625824654_153_obstacle.txt,62018,fa2sd4adatasetNorth151,6,1,0,0
62018_fa2sd4adatasetNorth151_420_1625824281_1625824654_153_obstacle.txt,62018,fa2sd4adatasetNorth151,7,0,0,0
62018_fa2sd4adatasetNorth151_420_1625824281_1625824654_153_obstacle.txt,62018,fa2sd4adatasetNorth151,8,1,0,0
62018_fa2sd4adatasetNorth151_420_1625824281_1625824654_153_obstacle.txt,62018,fa2sd4adatasetNorth151,9,0,0,0
62018_fa2sd4adatasetNorth151_420_1625824281_1625824654_153_obstacle.txt,62018,fa2sd4adatasetNorth151,10,0,0,0
62018_fa2sd4adatasetNorth151_420_1625824281_1625824654_153_obstacle.txt,62018,fa2sd4adatasetNorth151,11,1,0,0
62018_fa2sd4adatasetNorth151_420_1625824281_1625824654_153_obstacle.txt,62018,fa2sd4adatasetNorth151,12,1,0,0
62018_fa2sd4adatasetNorth151_420_1625824281_1625824654_153_obstacle.txt,62018,fa2sd4adatasetNorth151,13,0,0,0
62018_fa2sd4adatasetNorth151_420_1625824281_1625824654_153_obstacle.txt,62018,fa2sd4adatasetNorth151,14,1,0,0
62018_fa2sd4adatasetNorth151_420_1625824281_1625824654_153_obstacle.txt,62018,fa2sd4adatasetNorth151,15,1,0,0
62018_fa2sd4adatasetNorth151_420_1625824281_1625824654_153_obstacle.txt,62018,fa2sd4adatasetNorth151,16,1,0,0
62018_fa2sd4adatasetNorth151_420_1625824281_1625824654_153_obstacle.txt,62018,fa2sd4adatasetNorth151,17,0,0,0
62018_fa2sd4adatasetNorth151_420_1625824281_1625824654_153_obstacle.txt,62018,fa2sd4adatasetNorth151,18,0,0,0
62018_fa2sd4adatasetNorth151_420_1625824281_1625824654_153_obstacle.txt,62018,fa2sd4adatasetNorth151,19,0,0,0
62018_fa2sd4adatasetNorth151_420_1625824281_1625824654_153_obstacle.txt,62018,fa2sd4adatasetNorth151,20,1,0,0
62018_fa2sd4adatasetNorth151_420_1625824281_1625824654_153_obstacle.txt,62018,fa2sd4adatasetNorth151,21,1,0,0
62018_fa2sd4adatasetNorth151_420_1625824281_1625824654_153_obstacle.txt,62018,fa2sd4adatasetNorth151,22,0,0,0
62018_fa2sd4adatasetNorth151_420_1625824281_1625824654_153_obstacle.txt,62018,fa2sd4adatasetNorth151,23,0,0,0
62018_fa2sd4adatasetNorth151_420_1625824281_1625824654_153_obstacle.txt,62018,fa2sd4adatasetNorth151,24,0,0,0
62018_fa2sd4adatasetNorth151_420_1625824281_1625824654_153_obstacle.txt,62018,fa2sd4adatasetNorth151,25,1,0,0
62018_fa2sd4adatasetNorth151_420_1625824281_1625824654_153_obstacle.txt,62018,fa2sd4adatasetNorth151,26,0,0,0
62018_fa2sd4adatasetNorth151_420_1625824281_1625824654_153_obstacle.txt,62018,fa2sd4adatasetNorth151,27,1,0,0
62018_fa2sd4adatasetNorth151_420_1625824281_1625824654_153_obstacle.txt,62018,fa2sd4adatasetNorth151,28,0,0,0
62018_fa2sd4adatasetNorth151_420_1625824281_1625824654_153_obstacle.txt,62018,fa2sd4adatasetNorth151,29,1,0,0
62018_fa2sd4adatasetNorth151_420_1625824281_1625824654_153_obstacle.txt,62018,fa2sd4adatasetNorth151,30,1,0,0
62018_fa2sd4adatasetNorth151_420_1625824281_1625824654_153_obstacle.txt,62018,fa2sd4adatasetNorth151,31,0,0,0
62018_fa2sd4adatasetNorth151_420_1625824281_1625824654_153_obstacle.txt,62018,fa2sd4adatasetNorth151,32,0,0,0
62018_fa2sd4adatasetNorth151_420_1625824281_1625824654_73_obstacle.txt,62018,fa2sd4adatasetNorth151,1,0,0,0
62018_fa2sd4adatasetNorth151_420_1625824281_1625824654_73_obstacle.txt,62018,fa2sd4adatasetNorth151,2,0,0,1
62018_fa2sd4adatasetNorth151_420_1625824281_1625824654_73_obstacle.txt,62018,fa2sd4adatasetNorth151,3,0,0,1
62018_fa2sd4adatasetNorth151_420_1625824281_1625824654_73_obstacle.txt,62018,fa2sd4adatasetNorth151,4,0,0,0
62018_fa2sd4adatasetNorth151_420_1625824281_1625824654_73_obstacle.txt,62018,fa2sd4adatasetNorth151,5,0,0,1
62018_fa2sd4adatasetNorth151_420_1625824281_1625824654_73_obstacle.txt,62018,fa2sd4adatasetNorth151,6,0,0,1
62018_fa2sd4adatasetNorth151_420_1625824281_1625824654_73_obstacle.txt,62018,fa2sd4adatasetNorth151,7,0,0,0
62018_fa2sd4adatasetNorth151_420_1625824281_1625824654_73_obstacle.txt,62018,fa2sd4adatasetNorth151,8,0,0,1
62018_fa2sd4adatasetNorth151_420_1625824281_1625824654_73_obstacle.txt,62018,fa2sd4adatasetNorth151,9,0,0,0
62018_fa2sd4adatasetNorth151_420_1625824281_1625824654_73_obstacle.txt,62018,fa2sd4adatasetNorth151,10,0,0,0
62018_fa2sd4adatasetNorth151_420_1625824281_1625824654_73_obstacle.txt,62018,fa2sd4adatasetNorth151,11,0,0,0
62018_fa2sd4adatasetNorth151_420_1625824281_1625824654_73_obstacle.txt,62018,fa2sd4adatasetNorth151,12,0,0,0
62018_fa2sd4adatasetNorth151_420_1625824281_1625824654_73_obstacle.txt,62018,fa2sd4adatasetNorth151,13,0,0,0
62018_fa2sd4adatasetNorth151_420_1625824281_1625824654_73_obstacle.txt,62018,fa2sd4adatasetNorth151,14,0,0,1
62018_fa2sd4adatasetNorth151_420_1625824281_1625824654_73_obstacle.txt,62018,fa2sd4adatasetNorth151,15,0,0,0
62018_fa2sd4adatasetNorth151_420_1625824281_1625824654_73_obstacle.txt,62018,fa2sd4adatasetNorth151,16,0,0,0
62018_fa2sd4adatasetNorth151_420_1625824281_1625824654_73_obstacle.txt,62018,fa2sd4adatasetNorth151,17,0,0,0
62018_fa2sd4adatasetNorth151_420_1625824281_1625824654_73_obstacle.txt,62018,fa2sd4adatasetNorth151,18,0,0,0
62018_fa2sd4adatasetNorth151_420_1625824281_1625824654_73_obstacle.txt,62018,fa2sd4adatasetNorth151,19,0,0,1
62018_fa2sd4adatasetNorth151_420_1625824281_1625824654_73_obstacle.txt,62018,fa2sd4adatasetNorth151,20,0,0,1
62517_fa2sd4a10East154_420_1625824486_1625825247_181_obstacle.txt,62517,fa2sd4a10East154,1,1,0,0
62517_fa2sd4a10East154_420_1625824486_1625825247_181_obstacle.txt,62517,fa2sd4a10East154,2,1,0,0
62517_fa2sd4a10East154_420_1625824486_1625825247_181_obstacle.txt,62517,fa2sd4a10East154,3,1,0,0
62517_fa2sd4a10East154_420_1625824486_1625825247_181_obstacle.txt,62517,fa2sd4a10East154,4,0,0,0
62517_fa2sd4a10East154_420_1625824486_1625825247_181_obstacle.txt,62517,fa2sd4a10East154,5,1,0,0
62531_fa2sd4a13East154_420_1625814455_1625815202_25_obstacle.txt,62531,fa2sd4a13East154,1,1,0,0
62531_fa2sd4a13East154_420_1625814455_1625815202_25_obstacle.txt,62531,fa2sd4a13East154,2,0,0,0
62531_fa2sd4a13East154_420_1625814455_1625815202_25_obstacle.txt,62531,fa2sd4a13East154,3,0,0,0
62531_fa2sd4a13East154_420_1625814455_1625815202_25_obstacle.txt,62531,fa2sd4a13East154,4,0,0,0
62531_fa2sd4a13East154_420_1625814455_1625815202_25_obstacle.txt,62531,fa2sd4a13East154,5,0,0,0
62531_fa2sd4a13East154_420_1625814455_1625815202_25_obstacle.txt,62531,fa2sd4a13East154,6,0,0,0
62531_fa2sd4a13East154_420_1625814455_1625815202_25_obstacle.txt,62531,fa2sd4a13East154,7,0,0,0
62531_fa2sd4a13East154_420_1625814455_1625815202_25_obstacle.txt,62531,fa2sd4a13East154,8,0,0,0
62531_fa2sd4a13East154_420_1625814455_1625815202_25_obstacle.txt,62531,fa2sd4a13East154,9,0,0,0
62531_fa2sd4a13East154_420_1625814455_1625815202_25_obstacle.txt,62531,fa2sd4a13East154,10,0,0,0
62531_fa2sd4a13East154_420_1625814455_1625815202_25_obstacle.txt,62531,fa2sd4a13East154,11,0,0,0
62531_fa2sd4a13East154_420_1625814455_1625815202_25_obstacle.txt,62531,fa2sd4a13East154,12,0,0,0
62531_fa2sd4a13East154_420_1625814455_1625815202_25_obstacle.txt,62531,fa2sd4a13East154,13,0,0,0
62531_fa2sd4a13East154_420_1625814455_1625815202_25_obstacle.txt,62531,fa2sd4a13East154,14,1,0,0
62531_fa2sd4a13East154_420_1625814455_1625815202_25_obstacle.txt,62531,fa2sd4a13East154,15,0,0,0
62531_fa2sd4a13East154_420_1625814455_1625815202_25_obstacle.txt,62531,fa2sd4a13East154,16,0,0,0
62531_fa2sd4a13East154_420_1625814455_1625815202_25_obstacle.txt,62531,fa2sd4a13East154,17,0,0,0
62531_fa2sd4a13East154_420_1625814455_1625815202_25_obstacle.txt,62531,fa2sd4a13East154,18,0,0,0
62531_fa2sd4a13East154_420_1625814455_1625815202_261_obstacle.txt,62531,fa2sd4a13East154,1,0,0,0
62531_fa2sd4a13East154_420_1625814455_1625815202_261_obstacle.txt,62531,fa2sd4a13East154,2,0,0,0
62531_fa2sd4a13East154_420_1625814455_1625815202_261_obstacle.txt,62531,fa2sd4a13East154,3,0,0,0
62531_fa2sd4a13East154_420_1625814455_1625815202_261_obstacle.txt,62531,fa2sd4a13East154,4,0,0,0
62531_fa2sd4a13East154_420_1625814455_1625815202_261_obstacle.txt,62531,fa2sd4a13East154,5,0,0,1
62531_fa2sd4a13East154_420_1625814455_1625815202_261_obstacle.txt,62531,fa2sd4a13East154,6,0,0,1
62531_fa2sd4a13East154_420_1625814455_1625815202_261_obstacle.txt,62531,fa2sd4a13East154,7,0,0,1
62531_fa2sd4a13East154_420_1625814455_1625815202_261_obstacle.txt,62531,fa2sd4a13East154,8,0,0,1
62531_fa2sd4a13East154_420_1625814455_1625815202_261_obstacle.txt,62531,fa2sd4a13East154,9,0,0,0
62531_fa2sd4a13East154_420_1625814455_1625815202_261_obstacle.txt,62531,fa2sd4a13East154,10,0,0,0
62531_fa2sd4a13East154_420_1625814455_1625815202_261_obstacle.txt,62531,fa2sd4a13East154,11,0,0,0
62531_fa2sd4a13East154_420_1625814455_1625815202_261_obstacle.txt,62531,fa2sd4a13East154,12,0,0,0
62531_fa2sd4a13East154_420_1625814455_1625815202_261_obstacle.txt,62531,fa2sd4a13East154,13,0,0,1
62531_fa2sd4a13East154_420_1625814455_1625815202_261_obstacle.txt,62531,fa2sd4a13East154,14,0,0,0
62531_fa2sd4a13East154_420_1625814455_1625815202_261_obstacle.txt,62531,fa2sd4a13East154,15,0,0,1
62531_fa2sd4a13East154_420_1625814455_1625815202_261_obstacle.txt,62531,fa2sd4a13East154,16,0,0,0
62531_fa2sd4a13East154_420_1625814455_1625815202_261_obstacle.txt,62531,fa2sd4a13East154,17,0,0,0
62531_fa2sd4a13East154_420_1625814455_1625815202_261_obstacle.txt,62531,fa2sd4a13East154,18,0,0,0
62533_fa2sd4a13East154_420_1625815958_1625816709_4_obstacle.txt,62533,fa2sd4a13East154,1,0,1,0
62533_fa2sd4a13East154_420_1625815958_1625816709_4_obstacle.txt,62533,fa2sd4a13East154,2,0,1,0
62533_fa2sd4a13East154_420_1625815958_1625816709_4_obstacle.txt,62533,fa2sd4a13East154,3,0,1,0
62533_fa2sd4a13East154_420_1625815958_1625816709_4_obstacle.txt,62533,fa2sd4a13East154,4,0,0,0
62533_fa2sd4a13East154_420_1625815958_1625816709_4_obstacle.txt,62533,fa2sd4a13East154,5,0,0,0
62533_fa2sd4a13East154_420_1625815958_1625816709_4_obstacle.txt,62533,fa2sd4a13East154,6,0,0,0
62533_fa2sd4a13East154_420_1625815958_1625816709_66_obstacle.txt,62533,fa2sd4a13East154,1,0,0,0
62533_fa2sd4a13East154_420_1625815958_1625816709_66_obstacle.txt,62533,fa2sd4a13East154,2,0,0,0
62533_fa2sd4a13East154_420_1625815958_1625816709_66_obstacle.txt,62533,fa2sd4a13East154,3,0,0,0
62533_fa2sd4a13East154_420_1625815958_1625816709_66_obstacle.txt,62533,fa2sd4a13East154,4,1,0,0
62533_fa2sd4a13East154_420_1625815958_1625816709_66_obstacle.txt,62533,fa2sd4a13East154,5,0,0,0
62533_fa2sd4a13East154_420_1625815958_1625816709_66_obstacle.txt,62533,fa2sd4a13East154,6,0,0,0
62533_fa2sd4a13East154_420_1625815958_1625816709_66_obstacle.txt,62533,fa2sd4a13East154,7,0,0,0
62533_fa2sd4a13East154_420_1625815958_1625816709_66_obstacle.txt,62533,fa2sd4a13East154,8,1,0,0
62533_fa2sd4a13East154_420_1625815958_1625816709_66_obstacle.txt,62533,fa2sd4a13East154,9,0,0,0
62533_fa2sd4a13East154_420_1625815958_1625816709_66_obstacle.txt,62533,fa2sd4a13East154,10,0,0,0
62535_fa2sd4a16North153_420_1625807368_1625808118_174_obstacle.txt,62535,fa2sd4a16North153,1,0,0,0
62535_fa2sd4a16North153_420_1625807368_1625808118_174_obstacle.txt,62535,fa2sd4a16North153,2,0,0,0
62535_fa2sd4a16North153_420_1625807368_1625808118_174_obstacle.txt,62535,fa2sd4a16North153,3,0,0,0
62535_fa2sd4a16North153_420_1625807368_1625808118_174_obstacle.txt,62535,fa2sd4a16North153,4,0,0,0
62535_fa2sd4a16North153_420_1625807368_1625808118_174_obstacle.txt,62535,fa2sd4a16North153,5,0,1,0
62535_fa2sd4a16North153_420_1625807368_1625808118_174_obstacle.txt,62535,fa2sd4a16North153,6,0,0,0
62535_fa2sd4a16North153_420_1625807368_1625808118_174_obstacle.txt,62535,fa2sd4a16North153,7,0,1,0
62535_fa2sd4a16North153_420_1625807368_1625808118_174_obstacle.txt,62535,fa2sd4a16North153,8,0,0,0
62535_fa2sd4a16North153_420_1625807368_1625808118_174_obstacle.txt,62535,fa2sd4a16North153,9,0,0,0
62535_fa2sd4a16North153_420_1625807368_1625808118_174_obstacle.txt,62535,fa2sd4a16North153,10,0,0,0
62535_fa2sd4a16North153_420_1625807368_1625808118_174_obstacle.txt,62535,fa2sd4a16North153,11,0,0,0
62535_fa2sd4a16North153_420_1625807368_1625808118_174_obstacle.txt,62535,fa2sd4a16North153,12,0,0,0
62535_fa2sd4a16North153_420_1625807368_1625808118_174_obstacle.txt,62535,fa2sd4a16North153,13,0,0,0
62535_fa2sd4a16North153_420_1625807368_1625808118_174_obstacle.txt,62535,fa2sd4a16North153,14,0,0,0
62535_fa2sd4a16North153_420_1625807368_1625808118_174_obstacle.txt,62535,fa2sd4a16North153,15,0,0,0
62535_fa2sd4a16North153_420_1625807368_1625808118_174_obstacle.txt,62535,fa2sd4a16North153,16,0,0,0
62535_fa2sd4a16North153_420_1625807368_1625808118_174_obstacle.txt,62535,fa2sd4a16North153,17,0,0,0
62535_fa2sd4a16North153_420_1625807368_1625808118_62_obstacle.txt,62535,fa2sd4a16North153,1,0,0,1
62535_fa2sd4a16North153_420_1625807368_1625808118_62_obstacle.txt,62535,fa2sd4a16North153,2,0,0,0
62535_fa2sd4a16North153_420_1625807368_1625808118_62_obstacle.txt,62535,fa2sd4a16North153,3,0,0,1
62535_fa2sd4a16North153_420_1625807368_1625808118_62_obstacle.txt,62535,fa2sd4a16North153,4,0,0,0
62535_fa2sd4a16North153_420_1625807368_1625808118_62_obstacle.txt,62535,fa2sd4a16North153,5,0,0,1
62535_fa2sd4a16North153_420_1625807368_1625808118_62_obstacle.txt,62535,fa2sd4a16North153,6,0,0,0
62535_fa2sd4a16North153_420_1625807368_1625808118_62_obstacle.txt,62535,fa2sd4a16North153,7,0,0,1
62535_fa2sd4a16North153_420_1625807368_1625808118_62_obstacle.txt,62535,fa2sd4a16North153,8,0,0,0
62535_fa2sd4a16North153_420_1625807368_1625808118_62_obstacle.txt,62535,fa2sd4a16North153,9,0,0,0
62535_fa2sd4a16North153_420_1625807368_1625808118_62_obstacle.txt,62535,fa2sd4a16North153,10,0,0,1
62535_fa2sd4a16North153_420_1625807368_1625808118_62_obstacle.txt,62535,fa2sd4a16North153,11,0,0,0
62535_fa2sd4a16North153_420_1625807368_1625808118_62_obstacle.txt,62535,fa2sd4a16North153,12,0,0,0
62535_fa2sd4a16North153_420_1625807368_1625808118_62_obstacle.txt,62535,fa2sd4a16North153,13,0,0,0
62535_fa2sd4a16North153_420_1625807368_1625808118_62_obstacle.txt,62535,fa2sd4a16North153,14,0,0,1
62535_fa2sd4a16North153_420_1625807368_1625808118_62_obstacle.txt,62535,fa2sd4a16North153,15,0,0,0
62536_fa2sd4a16North153_420_1625808119_1625808869_151_obstacle.txt,62536,fa2sd4a16North153,1,0,0,0
62536_fa2sd4a16North153_420_1625808119_1625808869_151_obstacle.txt,62536,fa2sd4a16North153,2,0,0,0
62536_fa2sd4a16North153_420_1625808119_1625808869_151_obstacle.txt,62536,fa2sd4a16North153,3,0,0,0
62536_fa2sd4a16North153_420_1625808119_1625808869_151_obstacle.txt,62536,fa2sd4a16North153,4,0,0,0
62536_fa2sd4a16North153_420_1625808119_1625808869_151_obstacle.txt,62536,fa2sd4a16North153,5,0,0,0
62536_fa2sd4a16North153_420_1625808119_1625808869_151_obstacle.txt,62536,fa2sd4a16North153,6,0,0,0
62536_fa2sd4a16North153_420_1625808119_1625808869_151_obstacle.txt,62536,fa2sd4a16North153,7,0,0,0
62536_fa2sd4a16North153_420_1625808119_1625808869_151_obstacle.txt,62536,fa2sd4a16North153,8,0,0,0
62536_fa2sd4a16North153_420_1625808119_1625808869_151_obstacle.txt,62536,fa2sd4a16North153,9,0,0,0
62536_fa2sd4a16North153_420_1625808119_1625808869_151_obstacle.txt,62536,fa2sd4a16North153,10,0,0,0
62536_fa2sd4a16North153_420_1625808119_1625808869_151_obstacle.txt,62536,fa2sd4a16North153,11,0,0,0
62536_fa2sd4a16North153_420_1625808119_1625808869_151_obstacle.txt,62536,fa2sd4a16North153,12,0,0,0
62536_fa2sd4a16North153_420_1625808119_1625808869_151_obstacle.txt,62536,fa2sd4a16North153,13,0,0,0
62536_fa2sd4a16North153_420_1625808119_1625808869_151_obstacle.txt,62536,fa2sd4a16North153,14,0,0,0
62536_fa2sd4a16North153_420_1625808119_1625808869_151_obstacle.txt,62536,fa2sd4a16North153,15,0,0,0
62536_fa2sd4a16North153_420_1625808119_1625808869_151_obstacle.txt,62536,fa2sd4a16North153,16,0,0,0
62536_fa2sd4a16North153_420_1625808119_1625808869_151_obstacle.txt,62536,fa2sd4a16North153,17,0,0,0
62536_fa2sd4a16North153_420_1625808119_1625808869_151_obstacle.txt,62536,fa2sd4a16North153,18,0,0,0
62536_fa2sd4a16North153_420_1625808119_1625808869_151_obstacle.txt,62536,fa2sd4a16North153,19,0,1,0
62536_fa2sd4a16North153_420_1625808119_1625808869_151_obstacle.txt,62536,fa2sd4a16North153,20,0,0,0
62536_fa2sd4a16North153_420_1625808119_1625808869_151_obstacle.txt,62536,fa2sd4a16North153,21,0,0,0
62539_fa2sd4a16East154_420_1625807364_1625808113_174_obstacle.txt,62539,fa2sd4a16East154,1,1,0,1
62539_fa2sd4a16East154_420_1625807364_1625808113_174_obstacle.txt,62539,fa2sd4a16East154,2,0,0,0
62539_fa2sd4a16East154_420_1625807364_1625808113_174_obstacle.txt,62539,fa2sd4a16East154,3,1,0,1
62539_fa2sd4a16East154_420_1625807364_1625808113_174_obstacle.txt,62539,fa2sd4a16East154,4,0,0,0
62539_fa2sd4a16East154_420_1625807364_1625808113_174_obstacle.txt,62539,fa2sd4a16East154,5,0,0,0
62539_fa2sd4a16East154_420_1625807364_1625808113_174_obstacle.txt,62539,fa2sd4a16East154,6,1,0,1
62539_fa2sd4a16East154_420_1625807364_1625808113_174_obstacle.txt,62539,fa2sd4a16East154,7,1,0,1
62539_fa2sd4a16East154_420_1625807364_1625808113_174_obstacle.txt,62539,fa2sd4a16East154,8,0,0,0
62539_fa2sd4a16East154_420_1625807364_1625808113_174_obstacle.txt,62539,fa2sd4a16East154,9,0,0,0
62539_fa2sd4a16East154_420_1625807364_1625808113_174_obstacle.txt,62539,fa2sd4a16East154,10,0,0,0
62539_fa2sd4a16East154_420_1625807364_1625808113_174_obstacle.txt,62539,fa2sd4a16East154,11,0,0,0
62539_fa2sd4a16East154_420_1625807364_1625808113_174_obstacle.txt,62539,fa2sd4a16East154,12,0,0,0
62539_fa2sd4a16East154_420_1625807364_1625808113_174_obstacle.txt,62539,fa2sd4a16East154,13,0,0,0
62539_fa2sd4a16East154_420_1625807364_1625808113_174_obstacle.txt,62539,fa2sd4a16East154,14,0,0,0
62539_fa2sd4a16East154_420_1625807364_1625808113_174_obstacle.txt,62539,fa2sd4a16East154,15,1,0,1
62539_fa2sd4a16East154_420_1625807364_1625808113_298_obstacle.txt,62539,fa2sd4a16East154,1,0,0,0
62539_fa2sd4a16East154_420_1625807364_1625808113_298_obstacle.txt,62539,fa2sd4a16East154,2,0,1,0
62539_fa2sd4a16East154_420_1625807364_1625808113_298_obstacle.txt,62539,fa2sd4a16East154,3,0,0,0
62539_fa2sd4a16East154_420_1625807364_1625808113_298_obstacle.txt,62539,fa2sd4a16East154,4,0,0,0
62539_fa2sd4a16East154_420_1625807364_1625808113_298_obstacle.txt,62539,fa2sd4a16East154,5,0,0,0
62539_fa2sd4a16East154_420_1625807364_1625808113_298_obstacle.txt,62539,fa2sd4a16East154,6,0,0,0
62539_fa2sd4a16East154_420_1625807364_1625808113_298_obstacle.txt,62539,fa2sd4a16East154,7,0,0,0
62539_fa2sd4a16East154_420_1625807364_1625808113_298_obstacle.txt,62539,fa2sd4a16East154,8,0,1,0
62539_fa2sd4a16East154_420_1625807364_1625808113_298_obstacle.txt,62539,fa2sd4a16East154,9,0,1,0
62539_fa2sd4a16East154_420_1625807364_1625808113_298_obstacle.txt,62539,fa2sd4a16East154,10,0,0,0
62539_fa2sd4a16East154_420_1625807364_1625808113_298_obstacle.txt,62539,fa2sd4a16East154,11,0,0,0
62539_fa2sd4a16East154_420_1625807364_1625808113_298_obstacle.txt,62539,fa2sd4a16East154,12,0,0,0
62539_fa2sd4a16East154_420_1625807364_1625808113_298_obstacle.txt,62539,fa2sd4a16East154,13,0,0,0
62539_fa2sd4a16East154_420_1625807364_1625808113_298_obstacle.txt,62539,fa2sd4a16East154,14,0,0,0
67993_fa2sd4adatasetfa2sd4a09151_420_1626165686_1626166134_176_obstacle.txt,67993,fa2sd4adatasetfa2sd4a09151,1,0,0,0
67993_fa2sd4adatasetfa2sd4a09151_420_1626165686_1626166134_176_obstacle.txt,67993,fa2sd4adatasetfa2sd4a09151,2,0,0,1
67993_fa2sd4adatasetfa2sd4a09151_420_1626165686_1626166134_176_obstacle.txt,67993,fa2sd4adatasetfa2sd4a09151,3,0,0,1
67993_fa2sd4adatasetfa2sd4a09151_420_1626165686_1626166134_176_obstacle.txt,67993,fa2sd4adatasetfa2sd4a09151,4,0,0,1
67993_fa2sd4adatasetfa2sd4a09151_420_1626165686_1626166134_176_obstacle.txt,67993,fa2sd4adatasetfa2sd4a09151,5,0,0,1
67993_fa2sd4adatasetfa2sd4a09151_420_1626165686_1626166134_176_obstacle.txt,67993,fa2sd4adatasetfa2sd4a09151,6,0,0,1
67993_fa2sd4adatasetfa2sd4a09151_420_1626165686_1626166134_176_obstacle.txt,67993,fa2sd4adatasetfa2sd4a09151,7,0,0,0
67993_fa2sd4adatasetfa2sd4a09151_420_1626165686_1626166134_176_obstacle.txt,67993,fa2sd4adatasetfa2sd4a09151,8,0,0,1
67993_fa2sd4adatasetfa2sd4a09151_420_1626165686_1626166134_176_obstacle.txt,67993,fa2sd4adatasetfa2sd4a09151,9,0,0,0
67993_fa2sd4adatasetfa2sd4a09151_420_1626165686_1626166134_176_obstacle.txt,67993,fa2sd4adatasetfa2sd4a09151,10,0,0,1
67993_fa2sd4adatasetfa2sd4a09151_420_1626165686_1626166134_176_obstacle.txt,67993,fa2sd4adatasetfa2sd4a09151,11,0,0,0
67993_fa2sd4adatasetfa2sd4a09151_420_1626165686_1626166134_176_obstacle.txt,67993,fa2sd4adatasetfa2sd4a09151,12,0,0,1
67995_fa2sd4adatasetfa2sd4a09151_420_1626167038_1626167399_218_obstacle.txt,67995,fa2sd4adatasetfa2sd4a09151,1,0,0,0
67995_fa2sd4adatasetfa2sd4a09151_420_1626167038_1626167399_218_obstacle.txt,67995,fa2sd4adatasetfa2sd4a09151,2,0,0,0
67995_fa2sd4adatasetfa2sd4a09151_420_1626167038_1626167399_218_obstacle.txt,67995,fa2sd4adatasetfa2sd4a09151,3,0,0,1
67995_fa2sd4adatasetfa2sd4a09151_420_1626167038_1626167399_218_obstacle.txt,67995,fa2sd4adatasetfa2sd4a09151,4,0,0,1
67995_fa2sd4adatasetfa2sd4a09151_420_1626167038_1626167399_218_obstacle.txt,67995,fa2sd4adatasetfa2sd4a09151,5,0,0,0
67995_fa2sd4adatasetfa2sd4a09151_420_1626167038_1626167399_218_obstacle.txt,67995,fa2sd4adatasetfa2sd4a09151,6,0,0,0
67995_fa2sd4adatasetfa2sd4a09151_420_1626167038_1626167399_218_obstacle.txt,67995,fa2sd4adatasetfa2sd4a09151,7,0,0,0
67995_fa2sd4adatasetfa2sd4a09151_420_1626167038_1626167399_218_obstacle.txt,67995,fa2sd4adatasetfa2sd4a09151,8,0,0,0
67995_fa2sd4adatasetfa2sd4a09151_420_1626167038_1626167399_218_obstacle.txt,67995,fa2sd4adatasetfa2sd4a09151,9,0,0,0
67995_fa2sd4adatasetfa2sd4a09151_420_1626167038_1626167399_218_obstacle.txt,67995,fa2sd4adatasetfa2sd4a09151,10,0,0,0
